"CASE";"SERIAL";"REF";"QUESTNNR";"MODE";"STARTED";"AV01";"AV02";"AV03_01";"AV03_02";"AV03_03";"AV04_01";"AV04_02";"AV04_03";"AV04_04";"AV04_05";"AV04_06";"AV05";"DE07_01";"DE07_02";"DE09_01";"DE08_01";"DE10_01";"EI02";"SD01_01";"SD02";"SD03";"SD03_09";"SD04";"SD05";"SD06";"SD09";"SD11_01";"UV02_CP";"UV02";"TIME001";"TIME002";"TIME003";"TIME004";"TIME005";"TIME006";"TIME007";"TIME008";"TIME009";"TIME010";"TIME011";"TIME012";"TIME_SUM";"MAILSENT";"LASTDATA";"FINISHED";"Q_VIEWER";"LASTPAGE";"MAXPAGE";"V_mean";"BJW_mean"
"1";"232";NA;"sona";"base";"interview";"44972.727974537003";"2";"4";"5";"2";"4";"1";"4";"3";"1";"3";"3";"8";"3";"4";NA;"4";NA;"1";21;"f";"Abi";NA;10;7;"1";8;"20659";"44";"2";"2";"5";"7";"180";"54";"18";"23";"13";"82";"42";"51";"24";"501";NA;"44972.733784721997";"1";"0";"12";"12";3.66666666666667;2.5
"2";"234";NA;"wa";"base";"interview";"44972.729398148003";"2";"3";"4";"2";"5";"1";"2";"2";"2";"3";"3";"9";NA;NA;"1";NA;"2";"1";27;"f";"Bachelor";NA;10;5;"1";9;NA;"45";"3";"8";"6";"10";"77";"16";"11";"6";"10";"41";"25";"17";"28";"255";NA;"44972.732349537";"1";"0";"12";"12";3.66666666666667;2.16666666666667
"3";"235";NA;"wa";"base";"interview";"44972.730127315001";"3";"2";"6";"2";"6";"6";"5";"2";"2";"4";"5";"9";"1";"1";NA;"1";NA;"1";22;"f";"Abi";NA;8;2;"1";8;NA;"45";"2";"8";"1";"6";"63";"12";"10";"4";"8";"33";"21";"32";"7";"205";NA;"44972.732499999998";"1";"0";"12";"12";4.66666666666667;4
"4";"236";NA;"wa";"base";"interview";"44972.730486111002";"3";"3";"5";"3";"5";"2";"3";"2";"3";"2";"3";"7";"2";"2";NA;"2";NA;"1";27;"m";"Abi";NA;3;4;"1";7;"16747";"45";"1";"4";"5";"8";"71";"22";"12";"9";"17";"61";"16";"39";"22";"286";NA;"44972.733796296001";"1";"0";"12";"12";4.33333333333333;2.5
"5";"238";NA;"wa";"base";"interview";"44972.732118056003";"1";"2";"4";"2";"6";"2";"2";"4";"2";"1";"2";"8";"1";"1";NA;"1";NA;"1";23;"f";"Bachelor";NA;9;4;"1";6;"15448";"46";"2";"5";"6";"13";"77";"15";"14";"5";"16";"46";"24";"33";"21";"275";NA;"44972.735300925997";"1";"0";"12";"12";4;2.16666666666667
"6";"241";NA;"mff";"base";"interview";"44972.732372685001";"2";"3";"5";"3";"5";"2";"2";"1";"1";"2";"2";"8";"3";"3";NA;"3";NA;"1";27;"f";"Bachelor";NA;2;3;"1";7;NA;"46";"1";"97";"10";"29";"131";"39";"30";"10";"47";"78";"41";"88";"9";"519";NA;"44972.739421295999";"1";"0";"12";"12";4.33333333333333;1.66666666666667
"7";"243";NA;"wa";"base";"interview";"44972.742361110999";"2";"3";"5";"1";"5";"3";"3";"3";"4";"4";"3";"7";NA;NA;"2";NA;"3";"1";22;"f";"Abi";NA;-1;3;"1";7;"15688";"46";"3";"4";"8";"11";"53";"31";"35";"15";"49";"60";"98";"59";"40";"463";NA;"44972.747719906998";"1";"0";"12";"12";3.66666666666667;3.33333333333333
"8";"244";NA;"wa";"base";"interview";"44972.752476852002";"3";"4";"4";"3";"5";"2";"2";"3";"2";"3";"4";"8";NA;NA;"2";NA;"2";"1";23;"f";"Bachelor";NA;3;6;"1";5;"15412";"47";"3";"10";"3";"8";"32";"16";"16";"8";"15";"78";"17";"16";"25";"244";NA;"44972.755300926001";"1";"0";"12";"12";4;2.66666666666667
"9";"245";NA;"mff";"base";"interview";"44972.753333332999";"3";"3";"6";"3";"6";"2";"2";"2";"3";"4";"4";"10";"2";"2";NA;"2";NA;"1";20;"m";"Abi";NA;3;6;"1";8;NA;"47";"2";"42";"308";"16";"107";"33";"33";"14";"44";"120";"38";"80";"16";"549";NA;"44972.763182870003";"1";"0";"12";"12";5;2.83333333333333
"10";"246";NA;"wa";"base";"interview";"44972.759641204";"2";"3";"3";"3";"5";"3";"2";"2";"4";"2";"2";"10";"3";"4";NA;"3";NA;"1";24;"m";"Abi";NA;8;5;"1";8;"15331";"47";"1";"2";"3";"9";"108";"23";"13";"5";"6";"39";"27";"35";"27";"297";NA;"44972.763078704003";"1";"0";"12";"12";3.66666666666667;2.5
"11";"248";NA;"sona";"base";"interview";"44972.777557870002";"2";"2";"6";"2";"6";"1";"1";"1";"1";"1";"1";"9";"3";"3";NA;"5";NA;"1";23;"f";"Abi";NA;-1;3;"1";7;"15400";"48";"2";"16";"8";"11";"125";"43";"17";"7";"16";"109";"29";"67";"12";"460";NA;"44972.782881943996";"1";"0";"12";"12";4.66666666666667;1
"12";"249";NA;"wa";"base";"interview";"44972.810486110997";"2";"3";"4";"3";"4";"1";"2";"2";"1";"1";"1";"5";NA;NA;"1";NA;"1";"1";22;"m";"Bachelor";NA;3;6;"1";4;NA;"48";"3";"2";"2";"4";"36";"9";"5";"5";"11";"23";"21";"12";"11";"141";NA;"44972.812118055997";"1";"0";"12";"12";3.66666666666667;1.33333333333333
"13";"258";NA;"mff";"base";"interview";"44972.842314815003";"1";"1";"4";"2";"4";"2";"1";"1";"1";"2";"1";"7";NA;NA;"2";NA;"2";"1";25;"f";"Master";NA;5;2;"1";5;NA;"49";"3";"2";"3";"5";"33";"26";"10";"9";"17";"36";"208";"51";"5";"232";NA;"44972.847002315";"1";"0";"12";"12";3.33333333333333;1.33333333333333
"14";"259";NA;"mff";"base";"interview";"44972.842326389";"3";"3";"5";"4";"3";"3";"4";"3";"3";"4";"4";"8";"2";"3";NA;"2";NA;"1";21;"f";"Abi";NA;3;6;"1";7;NA;"49";"1";"2";"5";"11";"130";"26";"23";"14";"22";"85";"43";"69";"23";"453";NA;"44972.847569443999";"1";"0";"12";"12";4;3.5
"15";"262";NA;"mff";"base";"interview";"44972.842719906999";"3";"6";"6";"3";"5";"2";"3";"4";"3";"4";"2";"10";"3";"3";NA;"2";NA;"1";20;"f";"Abi";NA;10;9;"1";5;NA;"49";"2";"23";"20";"7";"101";"17";"13";"6";"25";"33";"15";"553";"17";"320";NA;"44972.852326389002";"1";"0";"12";"12";4.66666666666667;3
"16";"263";NA;"mff";"base";"interview";"44972.843252314997";"3";"2";"7";"2";"5";"2";"1";"2";"1";"3";"1";"10";NA;NA;"3";NA;"4";"1";24;"f";"Bachelor";NA;5;4;"1";10;NA;"50";"3";"3";"10";"10";"43";"24";"14";"9";"21";"88";"63";"33";"8";"326";NA;"44972.847025463001";"1";"0";"12";"12";4.66666666666667;1.66666666666667
"17";"265";NA;"mff";"base";"interview";"44972.845787036997";"1";"2";"6";"3";"6";"1";"1";"1";"1";"2";"3";"8";"2";"2";NA;"2";NA;"1";24;"f";"Bachelor";NA;5;3;"1";6;NA;"50";"1";"3";"31";"5";"132";"20";"9";"7";"27";"60";"63";"17";"14";"388";NA;"44972.850277778001";"1";"0";"12";"12";5;1.5
"18";"269";NA;"mff";"base";"interview";"44972.849016204003";"4";"5";"4";"5";"2";"3";"3";"3";"3";"3";"3";"8";"3";"3";NA;"3";NA;"1";28;"f";"Bachelor";NA;2;5;"2";6;NA;"50";"2";"17";"4";"1";"44";"26";"14";"11";"26";"58";"25";"51";"57";"334";NA;"44972.852881944003";"1";"0";"12";"12";3.66666666666667;3
"19";"272";NA;"mff";"base";"interview";"44972.851666666997";"2";"2";"2";"4";"4";"1";"1";"2";"2";"2";"2";"8";"1";"1";NA;"1";NA;"1";24;"m";"Fachabi";NA;3;3;"1";7;NA;"51";"1";"6";"12";"121";"239";"40";"12";"13";"65";"70";"107";"104";"25";"702";NA;"44972.861087963";"1";"0";"12";"12";3.33333333333333;1.66666666666667
"20";"281";NA;"mff";"base";"interview";"44972.862962963001";"2";"2";"5";"2";"5";"1";"1";"2";"2";"2";"3";"9";"2";"2";NA;"1";NA;"1";22;"m";"Abi";NA;8;4;"1";7;NA;"52";"1";"58";"18";"30";"144";"50";"49";"27";"46";"96";"61";"89";"11";"679";NA;"44972.870833333";"1";"0";"12";"12";4;1.83333333333333
"21";"283";NA;"mff";"base";"interview";"44972.869814815";"2";"2";"4";"4";"5";"1";"1";"6";"1";"2";"2";"7";"3";"5";NA;"2";NA;"1";23;"f";"Abi";NA;2;1;"1";7;NA;"52";"2";"32";"12";"9";"95";"29";"16";"8";"26";"43";"42";"74";"6";"392";NA;"44972.874351851999";"1";"0";"12";"12";4.33333333333333;2.16666666666667
"22";"285";NA;"mff";"base";"interview";"44972.883680555999";"3";"2";"7";"2";"5";"4";"5";"6";"3";"4";"6";"8";NA;NA;"3";NA;"2";"1";21;"-1";"Bachelor";NA;-1;6;"2";7;NA;"52";"3";"4";"6";"3";"37";"29";"17";"11";"28";"78";"62";"26";"43";"344";NA;"44972.887662036999";"1";"0";"12";"12";4.66666666666667;4.66666666666667
"23";"287";NA;"mff";"base";"interview";"44972.88900463";"2";"2";"6";"2";"4";"2";"2";"2";"1";"5";"3";"9";NA;NA;"1";NA;"1";"1";22;"f";"Abi";NA;4;4;"1";3;NA;"54";"3";"4411";"7";"2";"32";"36";"21";"12";"28";"70";"41";"68";"17";"341";NA;"44972.943923610997";"1";"0";"12";"12";4;2.5
"24";"289";NA;"mff";"base";"interview";"44972.913946758999";"5";"5";"7";"1";"6";"4";"4";"5";"2";"5";"3";"8";NA;NA;"2";NA;"2";"1";20;"m";"Abi";NA;4;6;"1";4;NA;"53";"3";"4";"14";"8";"43";"34";"22";"9";"35";"310";"48";"80";"25";"632";NA;"44972.921284721997";"1";"0";"12";"12";4.66666666666667;3.83333333333333
"25";"293";NA;"wa";"base";"interview";"44972.928182869997";"3";"3";"4";"3";"5";"4";"3";"3";"2";"2";"3";"8";"3";"3";NA;"3";NA;"1";23;"f";"Abi";NA;-1;3;"1";7;"15451";"53";"2";"2";"5";"27";"55";"26";"12";"6";"13";"47";"19";"34";"39";"285";NA;"44972.931481480999";"1";"0";"12";"12";4;2.83333333333333
"26";"295";NA;"sona";"base";"interview";"44972.953541666997";"2";"3";"6";"2";"6";"2";"2";"2";"3";"5";"4";"9";"1";"2";NA;"3";NA;"1";19;"f";"Abi";NA;10;3;"1";9;"20713";"54";"1";"2";"4";"4";"115";"15";"15";"6";"4";"42";"33";"57";"22";"319";NA;"44972.957233795998";"1";"0";"12";"12";4.66666666666667;3
"27";"296";NA;"sona";"base";"interview";"44972.972210647997";"2";"3";"5";"4";"4";"1";"3";"2";"1";"2";"3";"8";"3";"3";NA;"4";NA;"1";20;"f";"Abi";NA;4;5;"1";3;"20620";"55";"2";"21";"28";"15";"99";"25";"18";"14";"23";"66";"38";"91";"33";"471";NA;"44972.977662037003";"1";"0";"12";"12";4.33333333333333;2
"28";"297";NA;"mff";"base";"interview";"44972.979178241003";"2";"3";"4";"5";"3";"3";"1";"3";"2";"2";"3";"8";"2";"2";NA;"4";NA;"1";31;"m";"Real";NA;4;5;"2";4;"0.25";"55";"1";"14";"5";"10";"39";"16";"9";"9";"28";"68";"29";"25";"48";"300";NA;"44972.982650462996";"1";"0";"12";"12";4;2.33333333333333
"29";"299";NA;"mff";"base";"interview";"44972.997418981002";"2";"3";"5";"4";"4";"2";"4";"2";"4";"4";"3";"7";NA;NA;"3";NA;"2";"1";21;"f";"Abi";NA;4;5;"1";5;NA;"55";"3";"2";"3";"3";"31";"24";"10";"6";"14";"44";"27";"29";"27";"220";NA;"44972.999965278002";"1";"0";"12";"12";4.33333333333333;3.16666666666667
"30";"306";NA;"mff";"base";"interview";"44973.289861110999";"2";"2";"5";"2";"5";"1";"2";"1";"1";"1";"1";"8";"2";"3";NA;"2";NA;"1";24;"f";"Bachelor";NA;-1;4;"1";8;NA;"56";"1";"3";"5";"3";"100";"34";"27";"31";"37";"62";"55";"74";"27";"458";NA;"44973.295162037";"1";"0";"12";"12";4;1.16666666666667
"31";"307";NA;"mff";"base";"interview";"44973.305";"1";"2";"6";"2";"6";"2";"2";"2";"2";"4";"3";"9";"4";"3";NA;"1";NA;"1";25;"f";"Master";NA;8;4;"1";6;NA;"56";"2";"11";"4";"2";"62";"16";"17";"10";"34";"55";"45";"42";"13";"311";NA;"44973.308599536998";"1";"0";"12";"12";4.66666666666667;2.5
"32";"311";NA;"mff";"base";"interview";"44973.339849536998";"2";"2";"4";"4";"6";"2";"1";"2";"2";"3";"2";"9";"2";"3";NA;"3";NA;"1";23;"f";"Bachelor";NA;-1;9;"1";7;NA;"57";"1";"4";"3";"3";"36";"18";"12";"10";"15";"41";"30";"23";"50";"245";NA;"44973.342685185002";"1";"0";"12";"12";4.66666666666667;2
"33";"315";NA;"social";"base";"interview";"44973.349537037";"2";"3";"6";"2";"6";"4";"3";"3";"5";"4";"3";"8";"1";"3";NA;"1";NA;"1";23;"f";"Abi";NA;10;3;"1";7;"15178";"58";"2";"10";"2";"8";"69";"16";"12";"8";"29";"56";"28";"49";"65";"352";NA;"44973.353611111001";"1";"0";"12";"12";4.66666666666667;3.66666666666667
"34";"316";NA;"social";"base";"interview";"44973.355821759003";"2";"1";"5";"4";"4";"1";"2";"2";"1";"2";"1";"8";"3";"2";NA;"3";NA;"1";23;"f";"Abi";NA;5;3;"1";5;NA;"58";"1";"8";"12";"7";"37";"47";"21";"15";"42";"85";"112";"95";"24";"505";NA;"44973.361666666999";"1";"0";"12";"12";4.33333333333333;1.5
"35";"322";NA;"sona";"base";"interview";"44973.379976851997";"3";"3";"6";"4";"3";"2";"2";"1";"1";"3";"2";"3";"2";"1";NA;"1";NA;"1";21;"f";"Abi";NA;4;4;"1";6;"20443";"59";"1";"4";"8";"12";"111";"26";"14";"6";"11";"51";"45";"55";"57";"400";NA;"44973.384606480999";"1";"0";"12";"12";4.33333333333333;1.83333333333333
"36";"325";NA;"wa";"base";"interview";"44973.385729166999";"2";"3";"3";"4";"3";"2";"3";"3";"2";"2";"2";"9";NA;NA;"1";NA;"1";"1";22;"f";"Abi";NA;-1;3;"1";6;"16720";"59";"3";"14";"21";"14";"64";"30";"22";"8";"28";"86";"29";"91";"38";"445";NA;"44973.390879630002";"1";"0";"12";"12";3.33333333333333;2.33333333333333
"37";"326";NA;"wa";"base";"interview";"44973.399131944003";"2";"2";"4";"3";"5";"1";"2";"2";"2";"2";"1";"9";"3";"3";NA;"5";NA;"1";22;"f";"Abi";NA;4;3;"1";7;"15409";"60";"1";"10";"3";"8";"35";"18";"11";"11";"4";"38";"41";"13";"18";"210";NA;"44973.401562500003";"1";"0";"12";"12";4;1.66666666666667
"38";"329";NA;"mff";"base";"interview";"44973.401377315";"1";"1";"5";"2";"7";"2";"1";"1";"2";"2";"3";"8";NA;NA;"4";NA;"3";"1";25;"m";"Bachelor";NA;2;1;"1";3;NA;"60";"3";"6";"2";"2";"47";"30";"17";"10";"29";"50";"37";"46";"12";"288";NA;"44973.404710647999";"1";"0";"12";"12";4.66666666666667;1.83333333333333
"39";"330";NA;"social";"base";"interview";"44973.414664352";"2";"3";"3";"5";"4";"1";"2";"2";"1";"2";"2";"8";"1";"1";NA;"4";NA;"1";25;"f";"Bachelor";NA;5;3;"1";7;NA;"60";"2";"4";"8";"3";"374";"32";"15";"12";"24";"68";"35";"32";"38";"645";NA;"44973.422129630002";"1";"0";"12";"12";4;1.66666666666667
"40";"331";NA;"social";"base";"interview";"44973.425138888997";"1";"1";"3";"6";"2";"1";"1";"1";"1";"1";"1";"7";NA;NA;"2";NA;"3";"1";22;"m";"Bachelor";NA;6;1;"1";3;NA;"61";"3";"23";"3";"4";"33";"18";"11";"7";"22";"38";"31";"36";"7";"233";NA;"44973.427835647999";"1";"0";"12";"12";3.66666666666667;1
"41";"332";NA;"social";"base";"interview";"44973.429756944002";"2";"2";"6";"3";"4";"1";"1";"1";"1";"2";"1";"9";"2";"2";NA;"2";NA;"1";23;"f";"Abi";NA;2;3;"1";7;"15601";"61";"2";"34";"12";"13";"182";"35";"16";"13";"13";"85";"23";"273";"32";"501";NA;"44973.438217593";"1";"0";"12";"12";4.33333333333333;1.16666666666667
"42";"334";NA;"wa";"base";"interview";"44973.457858795999";"2";"2";"4";"4";"3";"2";"2";"5";"3";"3";"3";"4";"2";"2";NA;"2";NA;"1";26;"m";"Abi";NA;3;5;"1";3;"15244";"62";"1";"85";"42";"15";"130";"94";"38";"44";"24";"76";"55";"134";"78";"701";NA;"44973.467291667002";"1";"0";"12";"12";3.66666666666667;3
"43";"336";NA;"wa";"base";"interview";"44973.467881944001";"2";"3";"3";"5";"3";"2";"2";"5";"3";"3";"3";"4";NA;NA;"2";NA;"2";"1";24;"m";"Abi";NA;2;5;"1";3;NA;"62";"3";"71";"33";"23";"38";"42";"96";"21";"20";"51";"39";"26";"13";"327";NA;"44973.473356481001";"1";"0";"12";"12";3.66666666666667;3
"44";"338";NA;NA;"base";"interview";"44973.472129629998";"3";"4";"6";"1";"5";"2";"3";"5";"4";"4";"5";"10";"2";"3";NA;"2";NA;"1";22;"f";"Abi";NA;6;5;"1";7;NA;"63";"1";"49";"39";"23";"165";"81";"74";"20";"94";"176";"152";"154";"21";"1015";NA;"44973.484259258999";"1";"0";"12";"12";4;3.83333333333333
"45";"339";NA;"sona";"base";"interview";"44973.488368056001";"3";"5";"4";"5";"2";"2";"3";"4";"3";"2";"2";"9";NA;NA;"1";NA;"3";"1";23;"f";"Abi";NA;1;6;"1";10;"15424";"63";"3";"3";"2";"7";"34";"13";"10";"7";"5";"49";"13";"11";"6";"160";NA;"44973.490219906998";"1";"0";"12";"12";3.66666666666667;2.66666666666667
"46";"340";NA;"sona";"base";"interview";"44973.492754630002";"2";"4";"3";"4";"3";"2";"4";"4";"1";"5";"2";"4";"2";"4";NA;"1";NA;"1";22;"f";"Bachelor";NA;9;4;"1";8;NA;"64";"2";"3";"3";"2";"81";"32";"25";"10";"29";"56";"31";"43";"25";"340";NA;"44973.496689815001";"1";"0";"12";"12";3.33333333333333;3
"47";"341";NA;"sona";"base";"interview";"44973.500659721998";"3";"3";"4";"2";"4";"2";"4";"3";"2";"3";"3";"9";"2";"2";NA;"2";NA;"1";21;"m";"Abi";NA;5;3;"1";7;"20581";"64";"1";"6";"4";"18";"89";"25";"14";"13";"11";"53";"39";"93";"16";"381";NA;"44973.505069444";"1";"0";"12";"12";3.33333333333333;2.83333333333333
"48";"342";NA;"mff";"base";"interview";"44973.503680556001";"3";"3";"2";"5";"2";"1";"4";"3";"4";"1";"1";"8";"2";"3";NA;"2";NA;"1";20;"m";"Abi";NA;6;7;"1";5;NA;"65";"1";"72";"12";"14";"107";"36";"23";"13";"26";"97";"36";"58";"6";"435";NA;"44973.509467593001";"1";"0";"12";"12";3;2.33333333333333
"49";"345";NA;"sona";"base";"interview";"44973.509039352";"2";"2";"5";"4";"5";"1";"1";"1";"2";"3";"3";"8";NA;NA;"1";NA;"2";"1";22;"f";"Abi";NA;4;3;"1";5;"20728";"65";"3";"24";"7";"10";"38";"23";"13";"10";"15";"76";"29";"53";"33";"331";NA;"44973.512870370003";"1";"0";"12";"12";4.66666666666667;1.83333333333333
"50";"346";NA;"mff";"base";"interview";"44973.512488426";"3";"5";"3";"4";"4";"2";"2";"2";"2";"3";"1";"8";"3";"3";NA;"3";NA;"1";21;"f";"Abi";NA;9;6;"1";5;NA;"65";"2";"4";"15";"8";"35";"42";"33";"16";"30";"84";"69";"43";"40";"419";NA;"44973.517337963";"1";"0";"12";"12";3.66666666666667;2
"51";"347";NA;"mff";"base";"interview";"44973.519780092996";"1";"2";"4";"2";"6";"1";"1";"1";"1";"1";"1";"7";"5";"3";NA;"5";NA;"1";24;"f";"Bachelor";NA;5;3;"1";7;NA;"66";"1";"31";"4";"8";"78";"24";"9";"7";"23";"49";"35";"47";"17";"332";NA;"44973.523622685003";"1";"0";"12";"12";4;1
"52";"349";NA;"mff";"base";"interview";"44973.542500000003";"3";"5";"5";"4";"5";"3";"4";"5";"2";"2";"4";"9";NA;NA;"1";NA;"1";"1";21;"m";"Abi";NA;2;6;"1";8;NA;"66";"3";"3";"7";"8";"32";"26";"13";"4";"32";"48";"24";"12";"17";"226";NA;"44973.545115740999";"1";"0";"12";"12";4.66666666666667;3.33333333333333
"53";"350";NA;"social";"base";"interview";"44973.543587963002";"3";"2";"4";"5";"6";"1";"2";"3";"4";"5";"2";"6";"3";"3";NA;"2";NA;"1";21;"m";"Real";NA;6;1;"1";7;NA;"66";"2";"8";"6";"3";"109";"36";"27";"12";"32";"93";"48";"71";"15";"460";NA;"44973.548912036997";"1";"0";"12";"12";5;2.83333333333333
"54";"354";NA;"sona";"base";"interview";"44973.573761574";"4";"4";"4";"3";"4";"2";"3";"2";"4";"4";"2";"6";"4";"2";NA;"2";NA;"1";20;"f";"Abi";NA;-1;4;"1";5;"20641";"67";"2";"21";"4";"4";"95";"22";"22";"7";"8";"67";"28";"65";"5";"348";NA;"44973.577789351999";"1";"0";"12";"12";3.66666666666667;2.83333333333333
"55";"357";NA;"social";"base";"interview";"44973.657291666997";"1";"1";"3";"5";"2";"1";"2";"1";"2";"1";"1";"8";NA;NA;"2";NA;"1";"1";21;"m";"Abi";NA;3;2;"1";5;NA;"67";"3";"34";"6";"10";"49";"18";"9";"7";"22";"33";"20";"58";"9";"275";NA;"44973.660486111003";"1";"0";"12";"12";3.33333333333333;1.33333333333333
"56";"358";NA;"sona";"base";"interview";"44973.658587963";"4";"4";"5";"3";"5";"2";"3";"2";"4";"2";"3";"8";"3";"3";NA;"2";NA;"1";18;"f";"Abi";NA;5;7;"1";7;"20530";"68";"1";"4";"4";"28";"67";"30";"13";"33";"9";"109";"59";"26";"38";"420";NA;"44973.663449074003";"1";"0";"12";"12";4.33333333333333;2.66666666666667
"57";"359";NA;"mff";"base";"interview";"44973.659085648003";"3";"3";"6";"2";"6";"2";"2";"4";"3";"5";"4";"9";NA;NA;"1";NA;"1";"1";65;"f";"anderer";"Diplom und Promotion";9;7;"1";7;NA;"68";"3";"123";"111";"19";"85";"80";"103";"21";"84";"265";"311";"117";"51";"784";NA;"44973.674942129997";"1";"0";"12";"12";4.66666666666667;3.33333333333333
"58";"360";NA;"sona";"base";"interview";"44973.676759258997";"2";"2";"5";"2";"5";"1";"1";"3";"3";"3";"4";"8";"2";"2";NA;"2";NA;"1";19;"f";"Abi";NA;6;3;"1";6;"20518";"68";"2";"11";"4";"3";"43";"13";"9";"3";"9";"56";"29";"30";"23";"233";NA;"44973.679456019003";"1";"0";"12";"12";4;2.5
"59";"369";NA;"sona";"base";"interview";"44973.685266203996";"2";"2";"4";"2";"4";"3";"2";"2";"2";"3";"3";"8";"1";"1";NA;"2";NA;"1";21;"f";"Abi";NA;9;3;"1";6;"20752";"69";"1";"14";"8";"7";"122";"21";"16";"13";"14";"92";"40";"28";"22";"397";NA;"44973.689861111001";"1";"0";"12";"12";3.33333333333333;2.5
"60";"370";NA;"sona";"base";"interview";"44973.685300926001";"1";"1";"4";"3";"4";"1";"1";"1";"1";"1";"2";"8";NA;NA;"3";NA;"2";"1";21;"m";"Abi";NA;4;1;"1";5;"20563";"69";"3";"3";"4";"7";"32";"18";"8";"4";"9";"35";"30";"20";"19";"189";NA;"44973.6875";"1";"0";"12";"12";3.66666666666667;1.16666666666667
"61";"371";NA;"sona";"base";"interview";"44973.700115740998";"2";"3";"4";"2";"4";"1";"1";"2";"2";"1";"2";"9";"2";"3";NA;"2";NA;"1";20;"f";"Abi";NA;3;3;"1";5;"20515";"69";"2";"44";"9";"11";"86";"46";"26";"8";"25";"66";"48";"75";"61";"505";NA;"44973.705960648003";"1";"0";"12";"12";3.33333333333333;1.5
"62";"373";NA;"mff";"base";"interview";"44973.712581018997";"2";"3";"5";"3";"6";"2";"2";"2";"1";"3";"2";"8";NA;NA;"4";NA;"3";"1";63;"f";"Master";NA;9;6;"1";7;NA;"70";"3";"6";"12";"14";"51";"54";"30";"11";"42";"86";"66";"86";"17";"475";NA;"44973.718078703998";"1";"0";"12";"12";4.66666666666667;2
"63";"380";NA;"sona";"base";"interview";"44973.802199074002";"1";"1";"7";"1";"7";"1";"1";"1";"3";"4";"6";"9";NA;NA;"1";NA;"1";"1";28;"f";"Master";NA;4;4;"1";7;NA;"71";"3";"12";"2";"4";"33";"6";"4";"3";"3";"69";"35";"30";"9";"210";NA;"44973.804629630002";"1";"0";"12";"12";5;2.66666666666667
"64";"383";NA;"sona";"base";"interview";"44973.821666666998";"2";"3";"4";"3";"3";"2";"2";"2";"1";"2";"2";"8";"3";"3";NA;"3";NA;"1";21;"f";"Abi";NA;2;4;"1";7;"17347";"71";"1";"7";"3";"5";"78";"34";"13";"9";"16";"51";"19";"49";"32";"316";NA;"44973.825324074001";"1";"0";"12";"12";3.33333333333333;1.83333333333333
"65";"385";NA;"sona";"base";"interview";"44973.874039351998";"3";"3";"6";"1";"6";"2";"2";"1";"1";"1";"4";"7";"4";"4";NA;"4";NA;"1";20;"f";"Abi";NA;-1;4;"1";7;"19291";"72";"1";"18";"18";"8";"90";"22";"38";"8";"20";"63";"46";"46";"33";"410";NA;"44973.878784722001";"1";"0";"12";"12";4.33333333333333;1.83333333333333
"66";"388";NA;"mff";"base";"interview";"44973.910266204002";"3";"2";"5";"3";"3";"1";"2";"2";"2";"2";"2";"6";"4";"2";NA;"2";NA;"1";24;"m";"Bachelor";NA;3;3;"1";7;NA;"72";"2";"31";"5";"3";"76";"17";"11";"4";"17";"41";"26";"52";"12";"295";NA;"44973.913680555997";"1";"0";"12";"12";3.66666666666667;1.83333333333333
"67";"389";NA;"sona";"base";"interview";"44973.917268518999";"3";"3";"5";"3";"4";"1";"1";"1";"3";"1";"2";"8";NA;NA;"1";NA;"1";"1";20;"f";"Abi";NA;10;5;"1";7;"21004";"72";"3";"31";"4";"11";"49";"37";"29";"8";"31";"64";"64";"62";"91";"481";NA;"44973.922835648002";"1";"0";"12";"12";4;1.5
"68";"390";NA;"sona";"base";"interview";"44973.973692129999";"3";"3";"3";"5";"3";"2";"2";"1";"1";"3";"1";"7";NA;NA;"3";NA;"3";"1";20;"f";"Abi";NA;8;7;"1";4;"20866";"73";"3";"30";"20";"25";"56";"30";"23";"11";"34";"85";"54";"79";"37";"484";NA;"44973.979293981";"1";"0";"12";"12";3.66666666666667;1.66666666666667
"69";"391";NA;"mff";"base";"interview";"44973.981805556003";"2";"3";"6";"2";"6";"1";"1";"2";"1";"2";"1";"9";"4";"4";NA;"2";NA;"1";71;"f";"Bachelor";NA;8;3;"1";6;NA;"73";"2";"67";"187";"25";"121";"50";"32";"15";"78";"98";"122";"88";"50";"692";NA;"44973.992615741001";"1";"0";"12";"12";4.66666666666667;1.33333333333333
"70";"392";NA;"sona";"base";"interview";"44974.032951389003";"1";"1";"4";"3";"4";"2";"1";"2";"1";"1";"1";"7";"2";"3";NA;"5";NA;"1";21;"f";"Abi";NA;-1;2;"1";5;"20836";"73";"1";"33";"12";"9";"197";"638";"13";"15";"28";"71";"40";"36";"41";"518";NA;"44974.046076389001";"1";"0";"12";"12";3.66666666666667;1.33333333333333
"71";"394";NA;"social";"base";"interview";"44974.304050926003";"3";"4";"5";"3";"5";"2";"6";"2";"3";"2";"3";"11";"3";"4";NA;"1";NA;"1";22;"f";"Abi";NA;10;6;"1";7;NA;"74";"2";"14";"7";"17";"95";"20";"18";"11";"32";"47";"50";"69";"17";"397";NA;"44974.308657406997";"1";"0";"12";"12";4.33333333333333;3
"72";"397";NA;"sona";"base";"interview";"44974.406759259";"2";"1";"6";"2";"5";"1";"1";"1";"1";"2";"3";"8";NA;NA;"1";NA;"1";"1";21;"f";"Abi";NA;3;1;"1";4;"17182";"74";"3";"3";"4";"1";"37";"22";"9";"7";"13";"50";"19";"33";"27";"225";NA;"44974.409375000003";"1";"0";"12";"12";4.33333333333333;1.5
"73";"398";NA;"sona";"base";"interview";"44974.420717592999";"3";"3";"5";"2";"6";"2";"3";"1";"2";"2";"4";"8";"4";"4";NA;"2";NA;"1";36;"f";"Fachabi";NA;3;3;"1";7;"21946";"74";"1";"3";"3";"3";"35";"23";"35";"9";"16";"95";"46";"64";"6";"338";NA;"44974.424629629997";"1";"0";"12";"12";4.33333333333333;2.33333333333333
"74";"399";NA;"mff";"base";"interview";"44974.433333333";"3";"3";"4";"4";"4";"2";"2";"2";"1";"2";"2";"9";"2";"2";NA;"1";NA;"1";23;"m";"Bachelor";NA;3;3;"1";4;NA;"75";"1";"7";"3";"3";"117";"30";"14";"9";"31";"39";"20";"44";"16";"333";NA;"44974.4371875";"1";"0";"12";"12";4;1.83333333333333
"75";"400";NA;"wa";"base";"interview";"44974.441921295998";"2";"2";"5";"4";"4";"1";"1";"1";"1";"2";"1";"6";NA;NA;"1";NA;"1";"1";27;"f";"Bachelor";NA;3;1;"1";7;"15622";"75";"3";"4";"8";"20";"43";"37";"18";"9";"36";"65";"21";"25";"39";"325";NA;"44974.445682869999";"1";"0";"12";"12";4.33333333333333;1.16666666666667
"76";"401";NA;"sona";"base";"interview";"44974.447789352002";"2";"1";"2";"5";"1";"1";"3";"2";"2";"1";"3";"7";"2";"4";NA;"2";NA;"1";21;"m";"Abi";NA;5;4;"1";6;"19198";"75";"2";"7";"15";"11";"109";"29";"16";"25";"7";"145";"52";"24";"6";"446";NA;"44974.452951389001";"1";"0";"12";"12";2.66666666666667;2
"77";"402";NA;"sona";"base";"interview";"44974.454780093001";"3";"3";"3";"2";"4";"2";"2";"2";"1";"3";"2";"7";"3";"2";NA;"4";NA;"1";21;"m";"Abi";NA;3;4;"1";4;"20662";"76";"1";"2";"3";"32";"165";"26";"11";"7";"14";"60";"33";"31";"33";"417";NA;"44974.459606481003";"1";"0";"12";"12";3;2
"78";"404";NA;"mff";"base";"interview";"44974.497499999998";"1";"2";"5";"3";"5";"2";"2";"3";"2";"2";"1";"9";NA;NA;"1";NA;"1";"1";21;"m";"Abi";NA;5;3;"1";8;NA;"76";"3";"2";"4";"3";"32";"27";"24";"8";"25";"84";"27";"19";"13";"268";NA;"44974.500613425997";"1";"0";"12";"12";4.33333333333333;2
"79";"405";NA;"mff";"base";"interview";"44974.504016204002";"2";"3";"7";"3";"6";"2";"3";"5";"2";"3";"3";"10";"1";"3";NA;"1";NA;"1";57;"f";"anderer";"Diplom Universit√§t";8;5;"1";5;NA;"77";"1";"6";"4";"7";"85";"26";"11";"7";"20";"50";"35";"48";"12";"311";NA;"44974.507615741";"1";"0";"12";"12";5.33333333333333;3
"80";"409";NA;"mff";"base";"interview";"44974.516770832997";"2";"3";"5";"2";"4";"2";"1";"1";"1";"1";"1";"8";"2";"2";NA;"1";NA;"1";20;"f";"Abi";NA;8;2;"1";6;NA;"77";"2";"7";"18";"5";"404";"29";"20";"14";"35";"76";"65";"23";"87";"783";NA;"44974.525844907002";"1";"0";"12";"12";3.66666666666667;1.16666666666667
"81";"410";NA;"sona";"base";"interview";"44974.520925926001";"2";"1";"5";"2";"6";"2";"3";"2";"1";"2";"2";"9";NA;NA;"3";NA;"4";"1";22;"f";"Abi";NA;10;4;"1";7;"17224";"78";"3";"3";"3";"1";"33";"11";"8";"4";"7";"43";"30";"10";"24";"177";NA;"44974.522974537002";"1";"0";"12";"12";4.33333333333333;2
"82";"411";NA;"mff";"base";"interview";"44974.535196759003";"2";"3";"5";"2";"3";"1";"2";"2";"2";"3";"3";"8";"3";"4";NA;"2";NA;"1";23;"f";"Abi";NA;5;4;"1";6;NA;"78";"1";"4";"6";"3";"36";"16";"11";"7";"20";"37";"43";"21";"11";"215";NA;"44974.537685185001";"1";"0";"12";"12";3.33333333333333;2.16666666666667
"83";"412";NA;"mff";"base";"interview";"44974.535914352004";"3";"3";"5";"3";"5";"2";"2";"3";"1";"2";"1";"9";"4";"4";NA;"1";NA;"1";57;"f";"Abi";NA;9;6;"1";5;NA;"78";"2";"15";"6";"8";"60";"41";"30";"16";"44";"68";"234";"103";"12";"438";NA;"44974.543287036999";"1";"0";"12";"12";4.33333333333333;1.83333333333333
"84";"413";NA;"sona";"base";"interview";"44974.549513888996";"3";"3";"4";"4";"4";"1";"1";"3";"1";"2";"2";"6";"3";"3";NA;"2";NA;"1";29;"f";"Abi";NA;4;5;"1";6;"20596";"79";"1";"11";"3";"11";"70";"19";"9";"6";"11";"62";"39";"23";"51";"315";NA;"44974.553171296";"1";"0";"12";"12";4;1.66666666666667
"85";"414";NA;"mff";"base";"interview";"44974.570092593";"3";"3";"6";"2";"6";"3";"2";"5";"1";"4";"2";"8";"2";"4";NA;"2";NA;"1";53;"f";"anderer";"Staatsexamen";8;5;"1";5;NA;"79";"2";"30";"10";"12";"324";"30";"18";"8";"23";"58";"45";"65";"22";"645";NA;"44974.577569444002";"1";"0";"12";"12";4.66666666666667;2.83333333333333
"86";"416";NA;"sona";"base";"interview";"44974.606145833";"1";"2";"4";"2";"3";"1";"2";"1";"5";"1";"1";"8";NA;NA;"5";NA;"4";"1";21;"f";"Abi";NA;1;2;"1";7;"20548";"79";"3";"6";"5";"9";"38";"17";"12";"8";"8";"38";"17";"22";"8";"188";NA;"44974.608321758998";"1";"0";"12";"12";3;1.83333333333333
"87";"417";NA;"sona";"base";"interview";"44974.640381944002";"3";"4";"5";"3";"4";"2";"2";"1";"3";"3";"3";"8";"3";"3";NA;"4";NA;"1";20;"f";"Abi";NA;9;5;"1";8;"20788";"80";"2";"4";"2";"4";"64";"18";"9";"6";"7";"48";"55";"27";"31";"275";NA;"44974.643564815";"1";"0";"12";"12";4;2.33333333333333
"88";"418";NA;"sona";"base";"interview";"44974.664236110999";"2";"1";"7";"1";"6";"3";"1";"2";"1";"3";"2";"11";NA;NA;"1";NA;"2";"1";21;"f";"Abi";NA;8;4;"1";8;"18976";"80";"3";"25";"7";"23";"34";"22";"14";"7";"20";"44";"49";"43";"10";"298";NA;"44974.667685184999";"1";"0";"12";"12";4.66666666666667;2
"89";"419";NA;"mff";"base";"interview";"44974.666956018998";"2";"5";"6";"4";"6";"2";"3";"2";"2";"3";"3";"9";"4";"3";NA;"1";NA;"1";70;"m";"anderer";"Promotion";9;6;"1";7;NA;"80";"1";"32";"85";"25";"340";"94";"73";"43";"94";"198";"121";"211";"43";"1280";NA;"44974.682696759002";"1";"0";"12";"12";5.33333333333333;2.5
"90";"421";NA;"sona";"base";"interview";"44974.701608796";"3";"3";"5";"4";"4";"3";"3";"2";"2";"3";"3";"8";"2";"3";NA;"4";NA;"1";20;"f";"Abi";NA;-1;6;"1";7;"21037";"81";"2";"53";"11";"11";"129";"27";"25";"10";"17";"56";"34";"58";"26";"457";NA;"44974.706898147997";"1";"0";"12";"12";4.33333333333333;2.66666666666667
"91";"422";NA;"sona";"base";"interview";"44974.842731481003";"1";"1";"4";"2";"5";"2";"1";"2";"3";"1";"3";"8";"3";"2";NA;"2";NA;"1";21;"m";"Abi";NA;9;3;"1";7;"17416";"81";"1";"13";"9";"5";"46";"19";"8";"12";"25";"38";"29";"52";"22";"278";NA;"44974.845949073999";"1";"0";"12";"12";3.66666666666667;2
"92";"423";NA;"mff";"base";"interview";"44974.854097222";"2";"2";"3";"3";"4";"1";"2";"2";"1";"2";"3";"9";"1";"1";NA;"1";NA;"1";22;"m";"Abi";NA;10;2;"1";7;NA;"82";"1";"72";"11";"11";"168";"46";"12";"57";"38";"67";"108";"135";"21";"632";NA;"44974.862731481";"1";"0";"12";"12";3.33333333333333;1.83333333333333
"93";"424";NA;"sona";"base";"interview";"44974.865543981003";"2";"5";"6";"3";"6";"1";"2";"2";"2";"3";"2";"9";"2";"3";NA;"4";NA;"1";21;"f";"Abi";NA;10;4;"1";7;"20941";"82";"2";"4";"5";"14";"88";"19";"14";"8";"25";"58";"46";"27";"46";"354";NA;"44974.869641204001";"1";"0";"12";"12";5;2
"94";"425";NA;"sona";"base";"interview";"44974.922662037003";"1";"1";"4";"3";"3";"2";"1";"1";"1";"2";"3";"9";NA;NA;"1";NA;"1";"1";19;"m";"Abi";NA;10;1;"1";6;"20926";"82";"3";"17";"12";"14";"56";"33";"11";"10";"27";"70";"32";"56";"16";"354";NA;"44974.926759258997";"1";"0";"12";"12";3.33333333333333;1.66666666666667
"95";"426";NA;"sona";"base";"interview";"44974.962372684997";"3";"3";"5";"2";"5";"4";"3";"5";"4";"5";"5";"8";NA;NA;"3";NA;"2";"1";21;"m";"Abi";NA;3;4;"1";7;"18862";"83";"3";"10";"4";"5";"33";"13";"10";"5";"5";"26";"17";"14";"7";"149";NA;"44974.964097222";"1";"0";"12";"12";4;4.33333333333333
"96";"427";NA;"sona";"base";"interview";"44974.964791667";"2";"1";"4";"6";"3";"1";"4";"1";"1";"1";"1";"9";"2";"2";NA;"2";NA;"1";19;"f";"Abi";NA;9;2;"1";8;"20533";"83";"1";"3";"9";"3";"32";"17";"14";"6";"14";"56";"27";"21";"80";"282";NA;"44974.968055555997";"1";"0";"12";"12";4.33333333333333;1.5
"97";"428";NA;"sona";"base";"interview";"44975.374317130001";"3";"3";"6";"2";"5";"2";"4";"3";"3";"3";"4";"9";"3";"3";NA;"3";NA;"1";20;"f";"Abi";NA;2;4;"1";7;"17089";"83";"2";"3";"3";"6";"291";"16";"22";"5";"26";"106";"14";"16";"75";"583";NA;"44975.381064815003";"1";"0";"12";"12";4.33333333333333;3.16666666666667
"98";"430";NA;"sona";"base";"interview";"44975.488113425999";"2";"3";"5";"3";"5";"1";"1";"1";"1";"1";"1";"9";"3";"3";NA;"2";NA;"1";25;"f";"Bachelor";NA;9;5;"1";6;"17140";"84";"1";"13";"5";"2";"41";"17";"15";"9";"17";"52";"27";"34";"12";"244";NA;"44975.490937499999";"1";"0";"12";"12";4.33333333333333;1
"99";"431";NA;"sona";"base";"interview";"44975.527581019";"2";"3";"5";"2";"4";"2";"2";"3";"4";"3";"4";"9";NA;NA;"2";NA;"2";"1";19;"f";"Abi";NA;8;5;"1";6;"20419";"84";"3";"35";"29";"247";"41";"31";"14";"10";"37";"68";"115";"88";"35";"512";NA;"44975.536261574001";"1";"0";"12";"12";3.66666666666667;3
"100";"432";NA;"sona";"base";"interview";"44975.755312499998";"2";"2";"4";"3";"5";"1";"1";"1";"1";"2";"1";"10";"2";"1";NA;"1";NA;"1";19;"f";"Abi";NA;5;3;"1";4;"20491";"85";"1";"2";"5";"8";"115";"26";"15";"9";"31";"45";"95";"19";"22";"392";NA;"44975.759849536997";"1";"0";"12";"12";4;1.16666666666667
"101";"433";NA;"sona";"base";"interview";"44975.792766204002";"4";"5";"5";"1";"5";"6";"1";"2";"2";"5";"5";"10";NA;NA;"3";NA;"4";"1";22;"f";"Abi";NA;4;4;"2";6;"20935";"85";"3";"11";"7";"9";"45";"21";"14";"4";"20";"41";"22";"20";"13";"227";NA;"44975.795393519002";"1";"0";"12";"12";3.66666666666667;3.5
"102";"434";NA;"sona";"base";"interview";"44975.907523148002";"3";"3";"4";"3";"2";"2";"1";"1";"2";"2";"1";"5";"4";"5";NA;"1";NA;"1";19;"f";"Abi";NA;10;4;"1";7;"21991";"85";"2";"26";"7";"5";"85";"44";"16";"32";"28";"103";"48";"160";"118";"672";NA;"44975.915300925997";"1";"0";"12";"12";3;1.5
"103";"436";NA;"sona";"base";"interview";"44976.331307870001";"2";"1";"4";"2";"3";"1";"1";"1";"2";"2";"2";"6";"2";"3";NA;"2";NA;"1";20;"m";"Abi";NA;-1;3;"1";6;"21994";"86";"1";"59";"61";"11";"117";"66";"51";"16";"39";"118";"92";"146";"94";"815";NA;"44976.341377315002";"1";"0";"12";"12";3;1.5
"104";"437";NA;"sona";"base";"interview";"44976.427453703996";"3";"5";"3";"5";"3";"1";"4";"2";"2";"2";"4";"8";"3";"4";NA;"4";NA;"1";20;"f";"Abi";NA;10;8;"1";6;"21046";"86";"2";"15";"2";"11";"104";"22";"13";"7";"26";"50";"29";"30";"16";"325";NA;"44976.431215277997";"1";"0";"12";"12";3.66666666666667;2.5
"105";"439";NA;"sona";"base";"interview";"44976.495902777999";"1";"2";"5";"2";"5";"1";"2";"2";"2";"1";"2";"7";NA;NA;"1";NA;"1";"1";27;"f";"Abi";NA;2;4;"1";6;"20134";"86";"3";"3";"4";"11";"42";"21";"15";"8";"22";"55";"20";"36";"138";"375";NA;"44976.500243055998";"1";"0";"12";"12";4;1.66666666666667
"106";"441";NA;"sona";"base";"interview";"44976.582951388998";"2";"2";"5";"3";"5";"1";"1";"1";"1";"2";"1";"8";NA;NA;"2";NA;"2";"1";19;"f";"Abi";NA;5;3;"1";7;"mirjamrommen";"87";"3";"20";"7";"16";"41";"59";"38";"15";"41";"155";"51";"53";"195";"518";NA;"44976.590949074001";"1";"0";"12";"12";4.33333333333333;1.16666666666667
"107";"442";NA;"sona";"base";"interview";"44976.629699074001";"2";"2";"4";"4";"3";"1";"1";"2";"1";"1";"1";"6";"2";"3";NA;"2";NA;"1";21;"f";"Abi";NA;3;2;"1";5;"20758";"87";"1";"37";"8";"16";"141";"25";"27";"12";"33";"64";"57";"48";"51";"519";NA;"44976.635706018998";"1";"0";"12";"12";3.66666666666667;1.16666666666667
"108";"443";NA;"sona";"base";"interview";"44976.640949073997";"3";"2";"4";"4";"3";"3";"3";"3";"1";"3";"3";"8";"2";"2";NA;"2";NA;"1";21;"f";"Abi";NA;10;5;"1";7;"19096";"87";"2";"8";"3";"26";"112";"21";"24";"7";"13";"54";"37";"50";"19";"374";NA;"44976.645277778";"1";"0";"12";"12";3.66666666666667;2.66666666666667
"109";"444";NA;"sona";"base";"interview";"44976.654780092998";"2";"4";"4";"5";"3";"2";"2";"2";"2";"4";"3";"8";NA;NA;"2";NA;"3";"1";19;"f";"Abi";NA;8;3;"1";7;"21019";"88";"3";"2";"3";"4";"42";"27";"13";"11";"14";"51";"49";"17";"43";"276";NA;"44976.657974537004";"1";"0";"12";"12";4;2.5
"110";"446";NA;"sona";"base";"interview";"44976.720254630003";"2";"3";"5";"2";"5";"3";"3";"2";"2";"2";"4";"9";"1";"3";NA;"3";NA;"1";18;"f";"Abi";NA;-1;4;"1";6;"20416";"88";"1";"4";"5";"8";"89";"19";"12";"8";"20";"49";"35";"53";"18";"320";NA;"44976.723958333001";"1";"0";"12";"12";4;2.66666666666667
"111";"447";NA;"sona";"base";"interview";"44976.855115740997";"3";"3";"5";"3";"4";"2";"2";"2";"3";"3";"2";"9";"2";"2";NA;"2";NA;"1";19;"f";"Abi";NA;6;4;"1";5;"20791";"89";"2";"31";"7";"12";"99";"32";"12";"12";"54";"71";"39";"78";"48";"495";NA;"44976.860844907002";"1";"0";"12";"12";4;2.33333333333333
"112";"448";NA;"sona";"base";"interview";"44976.859502314997";"3";"3";"5";"3";"5";"2";"2";"2";"2";"2";"2";"8";"3";"3";NA;"2";NA;"1";22;"f";"Abi";NA;2;4;"1";6;NA;"89";"1";"3";"2";"2";"35";"7";"9";"3";"13";"31";"29";"14";"14";"162";NA;"44976.861388889003";"1";"0";"12";"12";4.33333333333333;2
"113";"449";NA;"sona";"base";"interview";"44976.866597221997";"2";"2";"5";"3";"5";"2";"2";"2";"2";"3";"2";"7";NA;NA;"1";NA;"2";"1";22;"f";"Abi";NA;5;3;"1";6;"15418";"89";"3";"50";"22";"10";"56";"29";"13";"8";"14";"62";"55";"62";"8";"389";NA;"44976.871099536998";"1";"0";"12";"12";4.33333333333333;2.16666666666667
"114";"451";NA;"sona";"base";"interview";"44977.393483795997";"2";"3";"5";"2";"6";"2";"2";"2";"1";"4";"3";"8";NA;NA;"1";NA;"1";"1";21;"f";"Abi";NA;6;4;"1";4;"17323";"90";"3";"10";"3";"7";"34";"1380";"7";"5";"13";"43";"29";"9";"21";"204";NA;"44977.411550926001";"1";"0";"12";"12";4.33333333333333;2.33333333333333
"115";"453";NA;"sona";"base";"interview";"44977.430590278003";"3";"3";"4";"2";"5";"2";"3";"3";"2";"2";"3";"9";"2";"3";NA;"3";NA;"1";20;"f";"Abi";NA;-1;4;"1";6;"17452";"90";"2";"9";"9";"7";"67";"17";"9";"6";"16";"49";"22";"18";"50";"279";NA;"44977.433819443999";"1";"0";"12";"12";3.66666666666667;2.5
"116";"454";NA;"sona";"base";"interview";"44977.447569443997";"3";"2";"6";"1";"6";"3";"2";"3";"1";"4";"3";"9";"1";"1";NA;"1";NA;"1";23;"f";"Abi";NA;10;4;"1";7;"17458";"90";"1";"17";"10";"8";"90";"18";"11";"5";"28";"50";"23";"41";"39";"340";NA;"44977.45150463";"1";"0";"12";"12";4.33333333333333;2.66666666666667
"117";"455";NA;"sona";"base";"interview";"44977.562719907";"2";"1";"2";"4";"4";"1";"1";"2";"2";"1";"1";"5";NA;NA;"3";NA;"2";"1";21;"f";"Abi";NA;8;1;"1";6;"21775";"91";"3";"16";"14";"14";"46";"26";"11";"13";"24";"40";"21";"105";"14";"344";NA;"44977.566701388998";"1";"0";"12";"12";3.33333333333333;1.33333333333333
"118";"457";NA;"sona";"base";"interview";"44977.815324073999";"3";"3";"5";"2";"4";"3";"3";"3";"1";"1";"4";"8";"3";"3";NA;"3";NA;"1";21;"m";"Abi";NA;4;5;"1";6;"20644";"91";"2";"10";"7";"8";"105";"38";"40";"12";"20";"75";"42";"52";"27";"436";NA;"44977.820370369998";"1";"0";"12";"12";3.66666666666667;2.5
"119";"459";NA;"sona";"base";"interview";"44977.834722222004";"3";"3";"7";"2";"5";"2";"1";"2";"2";"2";"3";"9";"3";"4";NA;"3";NA;"1";19;"m";"Abi";NA;8;4;"1";8;"19003";"92";"2";"4";"17";"13";"95";"30";"21";"17";"33";"63";"51";"72";"34";"450";NA;"44977.839930556001";"1";"0";"12";"12";4.66666666666667;2
"120";"465";NA;"sona";"base";"interview";"44978.453263889001";"1";"1";"3";"5";"4";"1";"2";"1";"2";"2";"1";"7";NA;NA;"2";NA;"1";"1";20;"f";"Abi";NA;2;4;"2";6;"19768";"92";"3";"3";"5";"7";"32";"23";"10";"6";"70";"44";"28";"20";"19";"267";NA;"44978.456354167";"1";"0";"12";"12";4;1.5
"121";"466";NA;"sona";"base";"interview";"44978.499675926003";"4";"4";"4";"5";"3";"2";"3";"2";"4";"2";"3";"5";"1";"1";NA;"1";NA;"1";19;"f";"Abi";NA;-1;4;"1";6;"20539";"92";"1";"26";"10";"13";"97";"32";"17";"6";"22";"52";"38";"68";"19";"400";NA;"44978.504305556002";"1";"0";"12";"12";4;2.66666666666667
"122";"468";NA;"sona";"base";"interview";"44978.545243056004";"3";"5";"5";"3";"5";"4";"3";"3";"3";"4";"3";"8";"3";"3";NA;"4";NA;"1";21;"f";"Abi";NA;2;7;"1";7;"21076";"93";"2";"16";"9";"10";"82";"28";"24";"14";"11";"68";"31";"62";"72";"427";NA;"44978.550185184999";"1";"0";"12";"12";4.33333333333333;3.33333333333333
"123";"469";NA;"sona";"base";"interview";"44978.553668981003";"2";"3";"5";"5";"5";"2";"2";"2";"2";"2";"5";"9";"2";"2";NA;"2";NA;"1";27;"m";"Abi";NA;3;4;"1";8;"17068";"93";"1";"2";"3";"4";"74";"31";"10";"6";"20";"57";"18";"24";"6";"255";NA;"44978.55662037";"1";"0";"12";"12";5;2.5
"124";"470";NA;"sona";"base";"interview";"44978.596354166999";"1";"1";"4";"4";"4";"1";"1";"1";"1";"3";"2";"5";NA;NA;"2";NA;"2";"1";26;"m";"Bachelor";NA;2;5;"1";4;NA;"93";"3";"3";"3";"2";"34";"16";"9";"10";"10";"30";"26";"12";"7";"162";NA;"44978.598229167001";"1";"0";"12";"12";4;1.5
"125";"471";NA;"sona";"base";"interview";"44978.613761574001";"2";"3";"6";"5";"5";"3";"2";"3";"1";"3";"1";"8";"1";"2";NA;"1";NA;"1";27;"m";"Abi";NA;4;7;"1";3;"21898";"94";"1";"67";"6";"10";"66";"20";"19";"6";"28";"73";"27";"43";"22";"327";NA;"44978.618240741002";"1";"0";"12";"12";5.33333333333333;2.16666666666667
"126";"473";NA;"sona";"base";"interview";"44978.618750000001";"2";"2";"3";"2";"4";"1";"1";"2";"1";"1";"1";"9";NA;NA;"1";NA;"1";"1";22;"f";"Abi";NA;6;2;"1";6;"17179";"94";"3";"17";"6";"11";"35";"23";"11";"7";"18";"40";"55";"20";"31";"274";NA;"44978.621921295999";"1";"0";"12";"12";3;1.16666666666667
"127";"475";NA;"sona";"base";"interview";"44978.725231481003";"3";"3";"5";"2";"4";"2";"2";"2";"2";"3";"3";"9";"2";"2";NA;"1";NA;"1";20;"f";"Abi";NA;-1;6;"1";7;"18904";"94";"2";"69";"27";"41";"173";"108";"49";"32";"33";"142";"27";"163";"21";"823";NA;"44978.735486111";"1";"0";"12";"12";3.66666666666667;2.33333333333333
"128";"477";NA;"mff";"base";"interview";"44978.774837962999";"3";"3";"6";"2";"5";"2";"3";"2";"1";"3";"2";"8";NA;NA;"2";NA;"2";"1";60;"f";"Abi";NA;8;6;"1";7;NA;"95";"3";"2";"2";"6";"40";"22";"20";"8";"19";"42";"19";"30";"18";"228";NA;"44978.777488426";"1";"0";"12";"12";4.33333333333333;2.16666666666667
"129";"478";NA;"sona";"base";"interview";"44978.845208332998";"2";"3";"5";"3";"5";"2";"3";"1";"2";"3";"2";"9";"3";"2";NA;"2";NA;"1";22;"f";"Abi";NA;4;6;"1";5;"21883";"95";"1";"3";"2";"2";"69";"14";"11";"8";"11";"45";"25";"49";"16";"255";NA;"44978.848159722002";"1";"0";"12";"12";4.33333333333333;2.16666666666667
"130";"481";NA;"sona";"base";"interview";"44979.714791667";"2";"3";"5";"3";"5";"3";"3";"2";"2";"2";"3";"7";NA;NA;"2";NA;"2";"1";19;"f";"Abi";NA;5;4;"1";6;"20698";"96";"3";"2";"4";"9";"40";"15";"19";"7";"21";"48";"24";"43";"18";"250";NA;"44979.717685185002";"1";"0";"12";"12";4.33333333333333;2.5
"131";"482";NA;"sona";"base";"interview";"44979.763472222003";"2";"2";"5";"3";"5";"3";"3";"5";"2";"3";"3";"7";"1";"1";NA;"4";NA;"1";21;"f";"Abi";NA;9;4;"1";7;"17263";"96";"1";"5";"11";"3";"58";"14";"20";"4";"10";"41";"38";"18";"18";"240";NA;"44979.766273148001";"1";"0";"12";"12";4.33333333333333;3.16666666666667
"132";"483";NA;"sona";"base";"interview";"44979.810856481003";"1";"2";"5";"1";"6";"4";"3";"1";"3";"2";"4";"10";"2";"3";NA;"4";NA;"1";21;"f";"Abi";NA;10;5;"1";8;"20503";"96";"2";"2";"3";"4";"140";"20";"10";"9";"10";"43";"22";"22";"61";"346";NA;"44979.814861111001";"1";"0";"12";"12";4;2.83333333333333
"133";"485";NA;"mff";"base";"interview";"44979.847731481001";"4";"5";"6";"2";"6";"2";"4";"4";"2";"3";"4";"11";"2";"2";NA;"1";NA;"1";32;"m";"Bachelor";NA;10;8;"1";8;NA;"97";"1";"10";"11";"10";"52";"55";"28";"7";"32";"98";"71";"92";"18";"484";NA;"44979.853333332998";"1";"0";"12";"12";4.66666666666667;3.16666666666667
"134";"488";NA;"mff";"base";"interview";"44979.862465277998";"3";"5";"6";"3";"6";"4";"3";"2";"3";"4";"5";"11";"1";"1";NA;"1";NA;"1";38;"f";"Master";NA;10;6;"1";10;NA;"97";"2";"4";"8";"19";"155";"27";"33";"6";"28";"51";"34";"68";"19";"452";NA;"44979.867696759";"1";"0";"12";"12";5;3.5
"135";"489";NA;"sona";"base";"interview";"44979.867280093";"3";"3";"6";"3";"4";"2";"2";"1";"2";"4";"4";"8";NA;NA;"2";NA;"2";"1";19;"f";"Abi";NA;5;4;"1";4;"20410";"97";"3";"2";"12";"10";"52";"21";"14";"6";"26";"56";"44";"29";"27";"299";NA;"44979.870752315001";"1";"0";"12";"12";4.33333333333333;2.5
"136";"492";NA;"sona";"base";"interview";"44980.416296296004";"5";"3";"3";"4";"5";"1";"1";"1";"1";"1";"1";"8";"4";"4";NA;"2";NA;"1";19;"m";"Abi";NA;-1;3;"1";8;"21277";"98";"2";"3";"20";"5";"44";"38";"32";"7";"24";"39";"26";"32";"89";"359";NA;"44980.420451389";"1";"0";"12";"12";4;1
"137";"493";NA;"sona";"base";"interview";"44980.466805556003";"3";"2";"6";"1";"6";"2";"2";"3";"2";"3";"2";"9";"1";"2";NA;"1";NA;"1";22;"f";"Abi";NA;10;4;"1";7;"17365";"98";"1";"4";"4";"13";"110";"20";"30";"11";"17";"69";"41";"73";"26";"418";NA;"44980.471643518998";"1";"0";"12";"12";4.33333333333333;2.33333333333333
"138";"495";NA;"sona";"base";"interview";"44980.527372684999";"3";"3";"5";"3";"5";"3";"3";"2";"3";"1";"3";"7";NA;NA;"3";NA;"3";"1";24;"f";"Bachelor";NA;4;5;"1";5;"19204";"98";"3";"10";"6";"10";"32";"12";"15";"7";"21";"37";"46";"11";"14";"221";NA;"44980.529930555997";"1";"0";"12";"12";4.33333333333333;2.5
"139";"496";NA;"sona";"base";"interview";"44980.629976851997";"2";"2";"6";"2";"6";"3";"4";"3";"2";"5";"4";"10";"1";"1";NA;"1";NA;"1";21;"f";"Abi";NA;10;3;"1";8;"19225";"99";"1";"1";"2";"2";"79";"8";"7";"3";"9";"38";"49";"9";"17";"224";NA;"44980.632569444002";"1";"0";"12";"12";4.66666666666667;3.5
"140";"497";NA;"sona";"base";"interview";"44980.644652777999";"4";"4";"3";"4";"3";"2";"2";"2";"1";"3";"3";"6";"2";"4";NA;"1";NA;"1";18;"f";"Abi";NA;10;6;"1";7;"19156";"99";"2";"3";"3";"8";"82";"20";"14";"9";"14";"50";"29";"37";"14";"283";NA;"44980.647928241";"1";"0";"12";"12";3.33333333333333;2.16666666666667
"141";"498";NA;"sona";"base";"interview";"44980.662893519002";"2";"4";"5";"2";"6";"3";"2";"3";"1";"3";"4";"9";NA;NA;"2";NA;"1";"1";18;"f";"Abi";NA;6;3;"1";7;"20542";"99";"3";"78";"12";"10";"43";"25";"22";"6";"5";"60";"46";"57";"80";"373";NA;"44980.668032406997";"1";"0";"12";"12";4.33333333333333;2.66666666666667
"142";"499";NA;"sona";"base";"interview";"44980.679861110999";"2";"5";"5";"4";"3";"2";"3";"2";"2";"2";"1";"9";"1";"1";NA;"1";NA;"1";20;"f";"Abi";NA;10;5;"1";6;"20578";"100";"1";"6";"6";"627";"90";"22";"36";"5";"21";"48";"18";"22";"6";"289";NA;"44980.690358795997";"1";"0";"12";"12";4;2
"143";"500";NA;"sona";"base";"interview";"44980.706631943998";"2";"1";"4";"3";"4";"1";"1";"2";"1";"2";"1";"8";NA;NA;"2";NA;"3";"1";23;"f";"Abi";NA;5;2;"1";6;"17440";"100";"3";"25";"27";"15";"36";"26";"17";"20";"87";"87";"70";"62";"54";"526";NA;"44980.712719907002";"1";"0";"12";"12";3.66666666666667;1.33333333333333
"144";"501";NA;"mff";"base";"interview";"44980.7965625";"3";"3";"6";"2";"6";"2";"2";"3";"2";"4";"2";"8";"1";"1";NA;"1";NA;"1";57;"f";"Abi";NA;8;8;"1";7;NA;"100";"2";"57";"27";"16";"78";"28";"18";"17";"60";"198";"86";"96";"15";"696";NA;"44980.804641203998";"1";"0";"12";"12";4.66666666666667;2.5
"145";"502";NA;"sona";"base";"interview";"44980.886400463001";"2";"3";"6";"1";"6";"1";"1";"3";"1";"2";"4";"10";"1";"1";NA;"1";NA;"1";21;"f";"Abi";NA;5;4;"1";5;NA;"101";"2";"3";"4";"12";"94";"11";"14";"4";"10";"34";"24";"22";"8";"240";NA;"44980.889189815003";"1";"0";"12";"12";4.33333333333333;2
"146";"503";NA;"sona";"base";"interview";"44981.401388888997";"3";"5";"3";"2";"5";"4";"3";"5";"4";"3";"4";"7";NA;NA;"3";NA;"2";"1";24;"f";"Bachelor";NA;3;6;"1";4;"14104";"101";"3";"201";"10";"2";"72";"5";"3";"2";"3";"6";"16";"5";"18";"149";NA;"44981.405358796001";"1";"0";"12";"12";3.33333333333333;3.83333333333333
"147";"505";NA;"sona";"base";"interview";"44981.434374999997";"1";"2";"4";"4";"3";"1";"3";"2";"3";"2";"2";"7";"4";"4";NA;"2";NA;"1";21;"f";"Abi";NA;2;4;"1";6;"18931";"102";"2";"3";"3";"10";"109";"19";"11";"7";"14";"49";"16";"19";"33";"293";NA;"44981.437766203999";"1";"0";"12";"12";3.66666666666667;2.16666666666667
"148";"507";NA;"sona";"base";"interview";"44981.467222222003";"4";"5";"5";"3";"4";"2";"2";"2";"1";"2";"1";"8";"3";"4";NA;"2";NA;"1";21;"f";"Abi";NA;3;5;"1";6;"20629";"102";"1";"21";"7";"16";"137";"28";"25";"9";"35";"80";"39";"48";"20";"465";NA;"44981.472604167";"1";"0";"12";"12";4;1.66666666666667
"149";"508";NA;"sona";"base";"interview";"44981.505312499998";"2";"3";"5";"3";"4";"2";"2";"3";"2";"2";"4";"9";NA;NA;"4";NA;"3";"1";22;"f";"Abi";NA;10;3;"1";6;"15307";"102";"3";"10";"3";"8";"32";"25";"21";"10";"81";"81";"51";"43";"6";"371";NA;"44981.509606480999";"1";"0";"12";"12";4;2.5
"150";"510";NA;"sona";"base";"interview";"44981.653842592998";"1";"1";"6";"5";"5";"1";"1";"1";"1";"1";"1";"8";"3";"3";NA;"2";NA;"1";27;"m";"Abi";NA;1;1;"1";2;"21757";"103";"1";"3";"5";"5";"69";"22";"10";"6";"28";"40";"26";"54";"52";"320";NA;"44981.657557869999";"1";"0";"12";"12";5.33333333333333;1
"151";"511";NA;"sona";"base";"interview";"44981.676006943999";"2";"3";"3";"3";"4";"3";"2";"2";"3";"4";"3";"8";NA;NA;"2";NA;"1";"1";19;"f";"Abi";NA;10;5;"1";7;"20710";"103";"3";"69";"23";"9";"48";"35";"30";"8";"21";"50";"60";"70";"44";"405";NA;"44981.681412037004";"1";"0";"12";"12";3.33333333333333;2.83333333333333
"152";"512";NA;"sona";"base";"interview";"44981.688206018996";"2";"2";"6";"3";"5";"2";"2";"2";"2";"3";"2";"8";"2";"4";NA;"4";NA;"1";32;"f";"Master";NA;2;4;"1";7;"19279";"103";"2";"15";"22";"14";"117";"21";"12";"10";"14";"46";"26";"48";"8";"353";NA;"44981.692291667001";"1";"0";"12";"12";4.66666666666667;2.16666666666667
"153";"513";NA;"sona";"base";"interview";"44981.758726852";"3";"3";"4";"3";"4";"2";"1";"1";"1";"1";"1";"7";"3";"3";NA;"2";NA;"1";20;"f";"Abi";NA;3;2;"1";6;"20707";"104";"2";"19";"7";"11";"96";"15";"10";"7";"9";"66";"29";"66";"42";"377";NA;"44981.763090278";"1";"0";"12";"12";3.66666666666667;1.16666666666667
"154";"514";NA;"sona";"base";"interview";"44981.810335647999";"3";"3";"4";"4";"4";"2";"3";"3";"1";"2";"1";"7";"2";"3";NA;"2";NA;"1";27;"m";"Bachelor";NA;8;5;"1";6;"17473";"104";"1";"42";"76";"10";"119";"21";"13";"6";"6";"50";"34";"40";"7";"354";NA;"44981.815243056";"1";"0";"12";"12";4;2
"155";"515";NA;"sona";"base";"interview";"44981.824710647998";"2";"1";"3";"5";"4";"1";"1";"1";"1";"2";"2";"9";NA;NA;"3";NA;"4";"1";19;"f";"Abi";NA;5;2;"1";7;"21463";"104";"3";"2";"4";"4";"66";"20";"14";"10";"29";"141";"44";"31";"51";"416";NA;"44981.829525462999";"1";"0";"12";"12";4;1.33333333333333
"156";"516";NA;"sona";"base";"interview";"44981.986388889003";"2";"2";"6";"2";"5";"1";"2";"2";"1";"4";"3";"9";NA;NA;"1";NA;"1";"1";23;"f";"Abi";NA;8;3;"1";7;"17278";"105";"3";"34";"17";"7";"39";"23";"11";"4";"11";"42";"78";"31";"15";"312";NA;"44981.99";"1";"0";"12";"12";4.33333333333333;2.16666666666667
"157";"517";NA;"mff";"base";"interview";"44982.425138888997";"2";"3";"4";"4";"3";"2";"4";"5";"2";"4";"4";"8";"2";"2";NA;"2";NA;"1";56;"f";"Real";NA;8;4;"1";6;NA;"105";"1";"54";"47";"16";"150";"66";"20";"12";"28";"96";"64";"71";"7";"590";NA;"44982.432453704001";"1";"0";"12";"12";3.66666666666667;3.5
"158";"518";NA;"sona";"base";"interview";"44982.430312500001";"2";"5";"6";"1";"5";"2";"1";"3";"1";"5";"2";"10";"3";"3";NA;"3";NA;"1";22;"f";"Abi";NA;-1;5;"1";7;"15265";"105";"2";"5";"3";"17";"129";"25";"45";"8";"24";"92";"226";"63";"22";"468";NA;"44982.437939814998";"1";"0";"12";"12";4;2.33333333333333
"159";"520";NA;"sona";"base";"interview";"44982.453865741001";"3";"2";"6";"2";"5";"1";"2";"1";"1";"2";"1";"10";"2";"2";NA;"1";NA;"1";22;"f";"Abi";NA;8;3;"1";7;"18820";"106";"1";"5";"4";"6";"81";"21";"10";"9";"19";"47";"25";"52";"17";"296";NA;"44982.457291667";"1";"0";"12";"12";4.33333333333333;1.33333333333333
"160";"521";NA;"sona";"base";"interview";"44982.479537036997";"3";"5";"5";"3";"4";"2";"2";"3";"1";"2";"2";"7";"3";"2";NA;"5";NA;"1";21;"f";"Abi";NA;6;4;"1";6;"19045";"106";"2";"14";"5";"16";"209";"26";"21";"8";"30";"63";"61";"21";"21";"495";NA;"44982.485266203999";"1";"0";"12";"12";4;2
"161";"522";NA;"sona";"base";"interview";"44982.721655093002";"3";"3";"6";"4";"4";"3";"2";"2";"5";"2";"3";"6";"2";"2";NA;"1";NA;"1";21;"f";"Abi";NA;1;6;"1";5;NA;"107";"1";"189";"25";"22";"163";"64";"29";"10";"34";"71";"33";"309";"27";"528";NA;"44982.732951389";"1";"0";"12";"12";4.66666666666667;2.83333333333333
"162";"523";NA;"sona";"base";"interview";"44982.827627314997";"2";"2";"5";"3";"5";"1";"1";"2";"5";"2";"2";"7";NA;NA;"1";NA;"1";"1";23;"f";"Abi";NA;4;3;"1";6;"20995";"107";"3";"1";"2";"18";"34";"11";"6";"5";"3";"40";"23";"32";"54";"229";NA;"44982.830289352001";"1";"0";"12";"12";4.33333333333333;2.16666666666667
"163";"524";NA;"sona";"base";"interview";"44982.846319443997";"3";"5";"6";"3";"6";"3";"4";"3";"5";"3";"4";"9";"2";"3";NA;"2";NA;"1";19;"f";"Bachelor";NA;8;6;"1";7;"20767";"107";"2";"36";"33";"4";"43";"17";"9";"8";"11";"39";"52";"28";"25";"305";NA;"44982.849849537";"1";"0";"12";"12";5;3.66666666666667
"164";"526";NA;"sona";"base";"interview";"44983.363634259003";"2";"3";"3";"5";"3";"1";"2";"1";"1";"1";"6";"8";"2";"2";NA;"1";NA;"1";21;"f";"Abi";NA;-1;6;"1";7;"21232";"108";"1";"3";"18";"11";"148";"33";"32";"15";"72";"80";"48";"86";"24";"570";NA;"44983.370231481";"1";"0";"12";"12";3.66666666666667;2
"165";"527";NA;"sona";"base";"interview";"44983.38119213";"2";"3";"5";"3";"4";"3";"3";"3";"2";"3";"3";"9";"2";"2";NA;"1";NA;"1";30;"f";"Master";NA;9;5;"1";8;"20566";"108";"2";"10";"10";"9";"88";"31";"9";"7";"13";"48";"29";"49";"43";"346";NA;"44983.385196759002";"1";"0";"12";"12";4;2.83333333333333
"166";"529";NA;"sona";"base";"interview";"44983.533946759002";"1";"3";"3";"3";"4";"3";"4";"2";"2";"2";"2";"8";NA;NA;"2";NA;"1";"1";20;"m";"Abi";NA;10;3;"1";4;"20719";"108";"3";"3";"4";"2";"32";"13";"10";"3";"6";"23";"20";"13";"9";"138";NA;"44983.535543981001";"1";"0";"12";"12";3.33333333333333;2.5
"167";"530";NA;"sona";"base";"interview";"44983.543159722001";"3";"2";"5";"3";"5";"2";"2";"2";"2";"3";"3";"8";"2";"2";NA;"3";NA;"1";22;"f";"Abi";NA;6;4;"1";6;"15430";"109";"1";"4";"6";"7";"161";"25";"12";"6";"22";"68";"40";"38";"13";"402";NA;"44983.547812500001";"1";"0";"12";"12";4.33333333333333;2.33333333333333
"168";"531";NA;"sona";"base";"interview";"44983.604803241004";"3";"3";"5";"2";"5";"2";"2";"3";"2";"3";"3";"8";"2";"4";NA;"2";NA;"1";25;"f";"Abi";NA;9;4;"1";7;"20506";"109";"2";"2";"4";"15";"112";"27";"15";"10";"10";"80";"51";"68";"21";"415";NA;"44983.609618055998";"1";"0";"12";"12";4;2.5
"169";"535";NA;"sona";"base";"interview";"44983.828622685003";"1";"1";"3";"4";"4";"1";"1";"1";"2";"1";"2";"7";NA;NA;"2";NA;"2";"1";21;"f";"Abi";NA;6;2;"1";7;"17041";"109";"3";"3";"2";"11";"31";"22";"9";"5";"10";"40";"31";"27";"34";"225";NA;"44983.831226852002";"1";"0";"12";"12";3.66666666666667;1.33333333333333
"170";"536";NA;"sona";"base";"interview";"44983.863171295998";"2";"3";"4";"3";"4";"2";"2";"4";"3";"3";"4";"4";NA;NA;"3";NA;"3";"1";19;"f";"Abi";NA;1;1;"1";5;"20356";"110";"3";"2";"3";"8";"35";"14";"10";"6";"8";"42";"11";"14";"24";"177";NA;"44983.865219906998";"1";"0";"12";"12";3.66666666666667;3
"171";"537";NA;"sona";"base";"interview";"44983.944224537001";"1";"2";"6";"2";"6";"1";"2";"1";"2";"2";"2";"8";"3";"3";NA;"3";NA;"1";26;"f";"Bachelor";NA;6;4;"1";6;"19171";"110";"1";"11";"97";"10";"78";"16";"10";"7";"15";"43";"52";"72";"8";"328";NA;"44983.949074074";"1";"0";"12";"12";4.66666666666667;1.66666666666667
"172";"543";NA;"mff";"base";"interview";"44984.376446759001";"3";"3";"5";"4";"5";"2";"2";"2";"3";"3";"4";"9";"3";"3";NA;"2";NA;"1";42;"m";"anderer";"Staatsexamen";9;6;"1";8;NA;"110";"2";"45";"77";"9";"60";"31";"14";"8";"33";"62";"55";"67";"9";"399";NA;"44984.381898148";"1";"0";"12";"12";4.66666666666667;2.66666666666667
"173";"544";NA;"sona";"base";"interview";"44984.430601852";"2";"2";"2";"2";"4";"1";"1";"1";"1";"2";"2";"9";"2";"2";NA;"5";NA;"1";21;"m";"Abi";NA;8;2;"1";10;NA;"111";"1";"3";"7";"3";"110";"61";"34";"13";"20";"71";"71";"63";"28";"484";NA;"44984.436226851998";"1";"0";"12";"12";2.66666666666667;1.33333333333333
"174";"546";NA;"sona";"base";"interview";"44984.451828703997";"2";"2";"5";"3";"5";"3";"2";"2";"3";"3";"3";"7";NA;NA;"2";NA;"2";"1";21;"f";"Abi";NA;6;5;"1";8;"20668";"111";"3";"13";"3";"5";"32";"18";"15";"6";"7";"35";"34";"33";"20";"221";NA;"44984.454386573998";"1";"0";"12";"12";4.33333333333333;2.66666666666667
"175";"547";NA;"sona";"base";"interview";"44984.458634258997";"4";"5";"2";"5";"3";"1";"2";"1";"1";"1";"1";"6";"2";"2";NA;"1";NA;"1";19;"f";"Abi";NA;5;4;"2";7;"21760";"112";"2";"3";"4";"29";"196";"33";"23";"9";"35";"84";"36";"40";"49";"541";NA;"44984.464895833";"1";"0";"12";"12";3.33333333333333;1.16666666666667
"176";"551";NA;"sona";"base";"interview";"44984.649409721998";"2";"2";"4";"3";"3";"2";"2";"2";"2";"3";"3";"6";NA;NA;"2";NA;"3";"1";20;"f";"Abi";NA;-1;6;"1";4;"21238";"112";"3";"80";"11";"12";"87";"41";"26";"12";"35";"147";"62";"86";"167";"548";NA;"44984.658275463";"1";"0";"12";"12";3.33333333333333;2.33333333333333
"177";"553";NA;"sona";"base";"interview";"44984.712164352";"1";"1";"6";"2";"6";"4";"5";"1";"6";"2";"1";"11";"1";"2";NA;"4";NA;"1";22;"m";"Abi";NA;9;6;"1";7;"17686";"112";"1";"7";"8";"6";"81";"18";"20";"17";"30";"46";"32";"51";"45";"361";NA;"44984.716342592998";"1";"0";"12";"12";4.66666666666667;3.16666666666667
"178";"554";NA;"sona";"base";"interview";"44984.742893518996";"2";"2";"4";"2";"6";"1";"1";"2";"2";"2";"2";"9";"1";"1";NA;"1";NA;"1";19;"f";"Abi";NA;6;3;"1";4;"20491";"113";"2";"3";"3";"6";"43";"15";"9";"9";"14";"57";"19";"16";"57";"251";NA;"44984.745798611002";"1";"0";"12";"12";4;1.66666666666667
"179";"555";NA;"sona";"base";"interview";"44984.810324074002";"3";"3";"4";"3";"5";"2";"2";"2";"2";"2";"2";"9";"2";"2";NA;"2";NA;"1";20;"f";"Abi";NA;8;4;"1";7;"20686";"113";"1";"4";"8";"12";"115";"26";"12";"8";"10";"47";"40";"18";"134";"434";NA;"44984.815347222";"1";"0";"12";"12";4;2
"180";"556";NA;"mff";"base";"interview";"44984.832430556002";"3";"3";"5";"3";"5";"2";"3";"3";"4";"5";"3";"8";NA;NA;"3";NA;"2";"1";44;"f";"anderer";"Studium Lehramt Grundschule";8;6;"1";7;NA;"113";"3";"33";"12";"11";"43";"27";"18";"8";"24";"46";"78";"56";"8";"364";NA;"44984.836643518996";"1";"0";"12";"12";4.33333333333333;3.33333333333333
"181";"557";NA;"mff";"base";"interview";"44985.350185185001";"3";"3";"1";"7";"1";"2";"2";"2";"6";"1";"1";"2";NA;NA;"3";NA;"3";"1";52;"-1";"Fachabi";NA;8;6;"1";7;NA;"114";"3";"7";"2";"4";"32";"15";"12";"6";"21";"39";"42";"17";"4";"201";NA;"44985.352523148002";"1";"0";"12";"12";3;2.33333333333333
"182";"558";NA;"sona";"base";"interview";"44985.372476851997";"2";"2";"5";"4";"5";"1";"3";"2";"2";"1";"1";"8";"2";"2";NA;"4";NA;"1";20;"f";"Abi";NA;4;5;"1";5;"19885";"114";"1";"7";"6";"12";"132";"20";"14";"9";"25";"150";"58";"77";"26";"536";NA;"44985.378680556001";"1";"0";"12";"12";4.66666666666667;1.66666666666667
"183";"559";NA;"sona";"base";"interview";"44985.526481481";"2";"5";"4";"2";"4";"3";"3";"3";"2";"4";"4";"8";"1";"1";NA;"1";NA;"1";22;"f";"Abi";NA;10;6;"1";5;"17221";"114";"2";"2";"3";"2";"97";"16";"16";"6";"7";"44";"31";"44";"25";"293";NA;"44985.529884258998";"1";"0";"12";"12";3.33333333333333;3.16666666666667
"184";"560";NA;"sona";"base";"interview";"44985.528321758997";"4";"5";"3";"4";"2";"3";"3";"2";"4";"4";"3";"8";NA;NA;"2";NA;"1";"1";24;"m";"Abi";NA;2;5;"1";7;"22045";"115";"3";"1";"3";"6";"32";"21";"16";"6";"10";"20";"17";"26";"9";"167";NA;"44985.530254630001";"1";"0";"12";"12";3;3.16666666666667
"185";"561";NA;"sona";"base";"interview";"44985.631365740999";"4";"5";"4";"3";"5";"3";"5";"3";"5";"3";"4";"7";"3";"3";NA;"3";NA;"1";22;"f";"Abi";NA;4;4;"2";4;"22048";"115";"2";"4";"4";"11";"154";"28";"28";"12";"56";"1315";"46";"38";"12";"449";NA;"44985.651134259002";"1";"0";"12";"12";4;3.83333333333333
"186";"562";NA;"sona";"base";"interview";"44985.758275462998";"3";"3";"4";"3";"5";"5";"2";"3";"4";"3";"4";"8";"3";"3";NA;"2";NA;"1";19;"f";"Abi";NA;9;2;"1";5;"21661";"115";"1";"3";"3";"9";"50";"16";"16";"6";"14";"91";"29";"42";"11";"290";NA;"44985.761631943999";"1";"0";"12";"12";4;3.5
"187";"563";NA;"sona";"base";"interview";"44985.775706018998";"2";"2";"3";"5";"4";"2";"2";"3";"1";"3";"2";"8";"2";"2";NA;"1";NA;"1";21;"f";"Abi";NA;6;4;"1";6;"20779";"116";"1";"5";"2";"3";"339";"15";"9";"4";"16";"44";"22";"50";"21";"530";NA;"44985.781840278003";"1";"0";"12";"12";4;2.16666666666667
"188";"564";NA;"sona";"base";"interview";"44985.780127315003";"4";"5";"5";"3";"5";"4";"2";"3";"3";"5";"4";"8";NA;NA;"2";NA;"2";"1";19;"f";"Abi";NA;8;5;"2";8;"20689";"116";"3";"35";"6";"11";"47";"24";"18";"9";"26";"58";"31";"59";"25";"349";NA;"44985.784166666999";"1";"0";"12";"12";4.33333333333333;3.5
"189";"565";NA;"sona";"base";"interview";"44985.789918980998";"2";"2";"5";"2";"5";"2";"2";"2";"1";"4";"4";"8";"1";"2";NA;"1";NA;"1";25;"f";"Bachelor";NA;2;4;"1";5;NA;"116";"2";"6";"10";"1";"58";"13";"9";"4";"19";"38";"16";"22";"6";"202";NA;"44985.792256943998";"1";"0";"12";"12";4;2.5
"190";"566";NA;"sona";"base";"interview";"44985.943518519001";"2";"5";"6";"3";"6";"3";"1";"2";"3";"4";"4";"9";"2";"4";NA;"3";NA;"1";20;"f";"Abi";NA;3;1;"1";6;"20665";"117";"2";"18";"3";"8";"60";"12";"8";"4";"17";"38";"21";"41";"50";"280";NA;"44985.946759259001";"1";"0";"12";"12";5;2.83333333333333
"191";"567";NA;"sona";"base";"interview";"44985.985474537003";"2";"2";"4";"2";"5";"2";"2";"1";"3";"3";"4";"6";NA;NA;"2";NA;"2";"1";22;"f";"Abi";NA;8;4;"1";6;"15604";"117";"3";"52";"40";"17";"73";"39";"26";"22";"45";"121";"90";"86";"55";"632";NA;"44985.993182869999";"1";"0";"12";"12";3.66666666666667;2.5
"192";"569";NA;"sona";"base";"interview";"44986.510694443998";"1";"1";"4";"3";"3";"1";"1";"1";"2";"2";"2";"6";"1";"1";NA;"1";NA;"1";20;"f";"Abi";NA;6;4;"1";5;"20725";"117";"1";"1";"7";"15";"62";"21";"12";"6";"11";"36";"34";"16";"43";"264";NA;"44986.513749999998";"1";"0";"12";"12";3.33333333333333;1.5
"193";"570";NA;"sona";"base";"interview";"44986.550833333";"2";"3";"6";"2";"6";"2";"4";"3";"2";"4";"2";"9";"2";"4";NA;"2";NA;"1";21;"m";"Abi";NA;4;3;"1";5;"19579";"118";"2";"4";"5";"5";"81";"19";"11";"10";"11";"37";"28";"55";"5";"271";NA;"44986.553969907";"1";"0";"12";"12";4.66666666666667;2.83333333333333
"194";"571";NA;"sona";"base";"interview";"44986.623553240999";"3";"4";"6";"2";"6";"2";"2";"5";"1";"1";"2";"8";NA;NA;"1";NA;"1";"1";22;"f";"Abi";NA;2;6;"1";7;"15217";"118";"3";"65";"4";"11";"57";"18";"22";"11";"29";"46";"15";"68";"26";"314";NA;"44986.627858795997";"1";"0";"12";"12";4.66666666666667;2.16666666666667
"195";"573";NA;"sona";"base";"interview";"44986.730937499997";"2";"3";"5";"2";"5";"2";"2";"3";"1";"2";"2";"9";"1";"2";NA;"5";NA;"1";20;"f";"Abi";NA;-1;5;"1";4;"21751";"119";"1";"22";"10";"34";"120";"25";"15";"14";"49";"61";"43";"54";"33";"480";NA;"44986.736493056";"1";"0";"12";"12";4;2
"196";"574";NA;"sona";"base";"interview";"44987.336979166997";"3";"2";"5";"2";"5";"1";"2";"3";"1";"1";"1";"10";"2";"2";NA;"5";NA;"1";20;"f";"Abi";NA;-1;2;"1";5;"21637";"119";"2";"2";"10";"5";"92";"22";"14";"5";"15";"37";"58";"23";"37";"320";NA;"44987.340682870003";"1";"0";"12";"12";4;1.5
"197";"577";NA;"sona";"base";"interview";"44987.470532407002";"3";"2";"3";"3";"6";"4";"3";"3";"4";"4";"6";"8";NA;NA;"2";NA;"2";"1";24;"f";"Abi";NA;2;6;"2";7;"17923";"119";"3";"2";"2";"2";"37";"27";"14";"8";"13";"79";"22";"24";"16";"246";NA;"44987.473379629999";"1";"0";"12";"12";4;4
"198";"578";NA;"sona";"base";"interview";"44987.524918980998";"3";"4";"4";"2";"4";"2";"2";"1";"1";"3";"2";"5";NA;NA;"1";NA;"1";"1";23;"m";"Abi";NA;3;4;"1";5;"19144";"120";"3";"1";"3";"2";"33";"13";"13";"7";"15";"42";"22";"31";"39";"221";NA;"44987.527511574001";"1";"0";"12";"12";3.33333333333333;1.83333333333333
"199";"580";NA;"sona";"base";"interview";"44987.585648148";"3";"3";"5";"3";"5";"2";"4";"3";"4";"3";"4";"10";"2";"3";NA;"2";NA;"1";19;"f";"Abi";NA;8;3;"1";3;"20785";"120";"1";"39";"11";"20";"169";"39";"17";"8";"74";"526";"34";"76";"52";"595";NA;"44987.597974536999";"1";"0";"12";"12";4.33333333333333;3.33333333333333
"200";"581";NA;"sona";"base";"interview";"44987.587754630003";"3";"2";"5";"1";"6";"1";"1";"1";"2";"2";"3";"8";"3";"2";NA;"2";NA;"1";22;"f";"Abi";NA;5;3;"1";6;"17230";"120";"2";"20";"5";"8";"96";"24";"14";"11";"21";"50";"44";"47";"40";"380";NA;"44987.592152778001";"1";"0";"12";"12";4;1.66666666666667
"201";"582";NA;"sona";"base";"interview";"44987.602337962999";"1";"2";"3";"5";"3";"1";"2";"1";"1";"2";"1";"4";"3";"3";NA;"5";NA;"1";27;"f";"Master";NA;-1;4;"1";3;NA;"121";"2";"14";"5";"7";"83";"14";"12";"5";"18";"35";"24";"45";"18";"280";NA;"44987.605578704002";"1";"0";"12";"12";3.66666666666667;1.33333333333333
"202";"583";NA;"sona";"base";"interview";"44987.642719907002";"3";"5";"5";"4";"4";"2";"2";"2";"1";"3";"2";"9";"3";"3";NA;"4";NA;"1";21;"f";"Abi";NA;5;5;"1";6;"20308";"121";"1";"4";"13";"12";"111";"34";"28";"10";"26";"71";"63";"49";"22";"443";NA;"44987.647847221997";"1";"0";"12";"12";4.33333333333333;2
"203";"584";NA;"wa";"base";"interview";"44987.883645832997";"1";"2";"5";"3";"5";"2";"2";"2";"1";"2";"3";"9";NA;NA;"1";NA;"1";"1";22;"m";"Abi";NA;9;4;"1";7;NA;"121";"3";"16";"10";"4";"47";"38";"22";"20";"40";"58";"35";"77";"16";"383";NA;"44987.888090278";"1";"0";"12";"12";4.33333333333333;2
"204";"585";NA;"sona";"base";"interview";"44988.448182870001";"2";"2";"6";"2";"6";"2";"2";"3";"2";"3";"4";"10";NA;NA;"4";NA;"3";"1";21;"f";"Abi";NA;3;3;"1";6;"17317";"122";"3";"20";"2";"11";"43";"19";"16";"5";"16";"59";"17";"39";"26";"273";NA;"44988.451342592998";"1";"0";"12";"12";4.66666666666667;2.66666666666667
"205";"586";NA;"sona";"base";"interview";"44988.584560185001";"3";"3";"4";"3";"5";"2";"1";"2";"2";"3";"3";"8";"1";"1";NA;"1";NA;"1";19;"f";"Abi";NA;10;4;"1";5;"20593";"122";"2";"10";"8";"27";"157";"33";"13";"6";"31";"48";"34";"49";"52";"468";NA;"44988.59";"1";"0";"12";"12";4;2.16666666666667
"206";"587";NA;"sona";"base";"interview";"44988.592673610998";"2";"3";"3";"4";"5";"2";"2";"3";"2";"3";"3";"8";"1";"1";NA;"1";NA;"1";20;"f";"Abi";NA;10;5;"1";6;"20557";"122";"1";"7";"6";"2";"54";"17";"19";"3";"8";"88";"25";"40";"55";"324";NA;"44988.596423611001";"1";"0";"12";"12";4;2.5
"207";"588";NA;"sona";"base";"interview";"44988.617106480997";"2";"2";"4";"3";"5";"2";"3";"3";"4";"3";"3";"6";NA;NA;"3";NA;"4";"1";20;"f";"Abi";NA;6;4;"1";6;"20824";"123";"3";"7";"5";"2";"32";"27";"11";"7";"22";"74";"35";"13";"13";"248";NA;"44988.619976852002";"1";"0";"12";"12";4;3
"208";"589";NA;"sona";"base";"interview";"44988.649456018997";"3";"4";"6";"1";"6";"5";"1";"3";"1";"5";"5";"10";"3";"3";NA;"3";NA;"1";27;"m";"Abi";NA;4;5;"1";8;"20917";"123";"1";"3";"4";"2";"73";"16";"15";"6";"9";"47";"15";"35";"13";"238";NA;"44988.652210647997";"1";"0";"12";"12";4.33333333333333;3.33333333333333
"209";"591";NA;"sona";"base";"interview";"44988.997418981002";"3";"2";"4";"5";"3";"2";"3";"3";"3";"4";"3";"9";"2";"2";NA;"1";NA;"1";20;"f";"Abi";NA;8;3;"2";7;"20809";"124";"1";"4";"11";"14";"97";"29";"22";"10";"17";"74";"83";"59";"8";"428";NA;"44989.002372684998";"1";"0";"12";"12";4;3
"210";"594";NA;"sona";"base";"interview";"44989.811921296001";"1";"2";"4";"4";"3";"1";"2";"1";"3";"4";"5";"4";"1";"5";NA;"3";NA;"1";20;"f";"Abi";NA;4;4;"1";6;NA;"124";"2";"13";"6";"12";"70";"29";"21";"13";"35";"51";"27";"72";"15";"364";NA;"44989.816134259003";"1";"0";"12";"12";3.66666666666667;2.66666666666667
"211";"596";NA;"sona";"base";"interview";"44990.446747684997";"2";"3";"4";"3";"4";"1";"1";"2";"1";"3";"2";"5";"2";"2";NA;"2";NA;"1";21;"f";"Abi";NA;6;5;"1";4;"20764";"125";"2";"17";"5";"16";"278";"27";"17";"9";"9";"76";"43";"49";"29";"575";NA;"44990.453402778003";"1";"0";"12";"12";3.66666666666667;1.66666666666667
"212";"598";NA;"sona";"base";"interview";"44990.665960648003";"3";"2";"3";"5";"3";"1";"2";"2";"3";"3";"2";"9";"2";"2";NA;"2";NA;"1";22;"f";"Abi";NA;10;5;"1";7;"19069";"125";"1";"3";"17";"17";"114";"25";"15";"7";"9";"56";"80";"45";"32";"420";NA;"44990.670821758998";"1";"0";"12";"12";3.66666666666667;2.16666666666667
"213";"599";NA;"sona";"base";"interview";"44990.755532406998";"3";"2";"5";"2";"6";"2";"3";"3";"1";"5";"3";"8";"2";"2";NA;"3";NA;"1";26;"m";"Bachelor";NA;2;4;"1";7;"17125";"126";"2";"19";"6";"11";"119";"27";"71";"15";"10";"134";"18";"124";"19";"573";NA;"44990.762164352003";"1";"0";"12";"12";4.33333333333333;2.83333333333333
"214";"600";NA;"sona";"base";"interview";"44990.788645833003";"3";"3";"5";"2";"5";"1";"1";"2";"1";"2";"2";"6";NA;NA;"2";NA;"5";"1";19;"f";"Abi";NA;10;6;"1";7;"20908";"126";"3";"38";"30";"15";"61";"33";"35";"13";"9";"96";"117";"67";"37";"551";NA;"44990.795023147999";"1";"0";"12";"12";4;1.5
"215";"601";NA;"sona";"base";"interview";"44990.918796295999";"2";"3";"4";"4";"5";"2";"1";"2";"1";"2";"3";"7";"2";"3";NA;"3";NA;"1";20;"f";"Abi";NA;5;4;"1";5;"18895";"126";"1";"2";"4";"10";"122";"20";"11";"8";"22";"85";"62";"65";"22";"433";NA;"44990.92380787";"1";"0";"12";"12";4.33333333333333;1.83333333333333
"216";"602";NA;"sona";"base";"interview";"44991.358136574003";"3";"3";"5";"3";"6";"3";"2";"3";"2";"3";"4";"9";"3";"3";NA;"4";NA;"1";21;"f";"Abi";NA;1;3;"1";4;"17308";"127";"1";"4";"5";"3";"108";"15";"9";"7";"11";"53";"15";"13";"16";"259";NA;"44991.361134259001";"1";"0";"12";"12";4.66666666666667;2.83333333333333
"217";"605";NA;"sona";"base";"interview";"44991.539456019003";"3";"5";"2";"5";"2";"1";"4";"1";"3";"1";"5";"8";NA;NA;"3";NA;"4";"1";20;"f";"Abi";NA;1;9;"1";6;"21046";"127";"3";"6";"14";"7";"64";"17";"18";"6";"50";"56";"37";"32";"35";"342";NA;"44991.543414352003";"1";"0";"12";"12";3;2.5
"218";"606";NA;"sona";"base";"interview";"44991.641817130003";"3";"4";"4";"4";"4";"4";"4";"3";"4";"4";"4";"7";NA;NA;"1";NA;"1";"1";21;"f";"Abi";NA;2;5;"1";2;"21718";"128";"3";"7";"5";"7";"39";"14";"10";"7";"10";"27";"26";"14";"51";"217";NA;"44991.644328704002";"1";"0";"12";"12";4;3.83333333333333
"219";"607";NA;"sona";"base";"interview";"44991.681018518997";"3";"5";"7";"1";"7";"3";"3";"2";"2";"4";"3";"9";"1";"1";NA;"1";NA;"1";20;"f";"Abi";NA;1;4;"1";7;"18847";"128";"2";"5";"3";"5";"74";"13";"12";"5";"10";"40";"14";"17";"30";"228";NA;"44991.683668981001";"1";"0";"12";"12";5;2.83333333333333
"220";"608";NA;"sona";"base";"interview";"44991.732812499999";"3";"2";"4";"2";"4";"1";"2";"5";"2";"3";"3";"6";"1";"1";NA;"2";NA;"1";27;"f";"Abi";NA;6;5;"1";6;"17344";"128";"1";"7";"12";"3";"98";"20";"11";"8";"29";"52";"34";"28";"39";"341";NA;"44991.736759259002";"1";"0";"12";"12";3.33333333333333;2.66666666666667
"221";"609";NA;"sona";"base";"interview";"44991.885150463";"2";"1";"6";"1";"5";"1";"2";"1";"1";"3";"2";"9";"1";"3";NA;"2";NA;"1";23;"m";"Abi";NA;6;1;"1";9;"17236";"129";"1";"3";"4";"19";"79";"44";"26";"13";"28";"57";"72";"75";"72";"492";NA;"44991.890844907";"1";"0";"12";"12";4;1.66666666666667
"222";"610";NA;"sona";"base";"interview";"44992.453344907";"2";"2";"2";"3";"4";"1";"1";"1";"2";"1";"3";"8";NA;NA;"2";NA;"4";"1";20;"f";"Abi";NA;5;4;"1";6;"20881";"129";"3";"2";"23";"7";"58";"24";"20";"7";"27";"67";"40";"35";"50";"360";NA;"44992.457523147998";"1";"0";"12";"12";3;1.5
"223";"611";NA;"sona";"base";"interview";"44992.509351852001";"3";"3";"4";"4";"4";"3";"3";"2";"2";"3";"3";"9";"2";"2";NA;"1";NA;"1";20;"f";"Abi";NA;3;5;"2";6;"21502";"129";"2";"9";"5";"8";"142";"19";"13";"13";"10";"73";"39";"24";"14";"369";NA;"44992.513634258998";"1";"0";"12";"12";4;2.66666666666667
"224";"612";NA;"sona";"base";"interview";"44992.544432870003";"2";"3";"3";"2";"4";"2";"2";"2";"2";"2";"2";"8";NA;NA;"3";NA;"3";"1";25;"f";"Abi";NA;2;4;"1";4;"21043";"130";"3";"2";"3";"14";"52";"28";"23";"12";"15";"49";"47";"39";"48";"332";NA;"44992.548275462999";"1";"0";"12";"12";3;2
"225";"617";NA;"sona";"base";"interview";"44992.976168980997";"2";"2";"4";"2";"5";"1";"1";"3";"5";"5";"2";"8";"2";"2";NA;"2";NA;"1";21;"f";"Abi";NA;6;4;"1";6;"21013";"131";"1";"3";"4";"7";"142";"28";"16";"8";"24";"60";"46";"69";"18";"425";NA;"44992.981087963002";"1";"0";"12";"12";3.66666666666667;2.83333333333333
"226";"618";NA;"sona";"base";"interview";"44993.002037036997";"2";"2";"5";"2";"6";"1";"2";"1";"2";"3";"2";"9";"2";"2";NA;"1";NA;"1";20;"f";"Abi";NA;5;2;"1";6;"20992";"131";"2";"39";"29";"13";"134";"21";"21";"12";"24";"71";"48";"75";"31";"518";NA;"44993.008032407";"1";"0";"12";"12";4.33333333333333;1.83333333333333
"227";"619";NA;"sona";"base";"interview";"44993.019594906997";"2";"3";"4";"4";"4";"2";"1";"2";"1";"1";"1";"7";"1";"1";NA;"1";NA;"1";24;"f";"Bachelor";NA;-1;4;"1";7;NA;"132";"1";"3";"11";"8";"99";"22";"12";"10";"20";"39";"27";"15";"10";"276";NA;"44993.022789351999";"1";"0";"12";"12";4;1.33333333333333
"228";"620";NA;"sona";"base";"interview";"44993.449837963002";"2";"3";"5";"3";"5";"1";"1";"1";"1";"2";"1";"5";NA;NA;"2";NA;"4";"1";24;"f";"Bachelor";NA;5;4;"1";7;"17065";"132";"3";"7";"3";"5";"34";"15";"11";"5";"9";"36";"22";"10";"18";"175";NA;"44993.451874999999";"1";"0";"12";"12";4.33333333333333;1.16666666666667
"229";"621";NA;"sona";"base";"interview";"44993.710636573996";"2";"5";"6";"2";"6";"1";"2";"2";"1";"5";"2";"9";NA;NA;"3";NA;"1";"1";26;"f";"Bachelor";NA;8;3;"1";4;"3817";"133";"3";"490";"8";"23";"39";"15";"13";"4";"18";"35";"53";"29";"108";"352";NA;"44993.720300925997";"1";"0";"12";"12";4.66666666666667;2.16666666666667
"230";"622";NA;"sona";"base";"interview";"44993.715023147997";"3";"3";"4";"3";"3";"2";"2";"2";"2";"2";"3";"8";"2";"3";NA;"2";NA;"1";22;"d";"Abi";NA;2;2;"1";5;"17203";"132";"2";"4";"3";"6";"75";"17";"10";"4";"15";"46";"15";"28";"20";"243";NA;"44993.717847221997";"1";"0";"12";"12";3.33333333333333;2.16666666666667
"231";"624";NA;"sona";"base";"interview";"44993.812488426003";"2";"4";"6";"4";"4";"4";"5";"3";"5";"2";"5";"10";"2";"2";NA;"2";NA;"1";18;"m";"Abi";NA;3;7;"1";4;"21388";"133";"1";"46";"19";"10";"130";"43";"19";"13";"40";"106";"25";"81";"45";"577";NA;"44993.819178240999";"1";"0";"12";"12";4.66666666666667;4
"232";"625";NA;"sona";"base";"interview";"44993.942893519001";"3";"4";"2";"5";"4";"2";"4";"2";"4";"2";"5";"8";"3";"3";NA;"4";NA;"1";20;"f";"Abi";NA;1;8;"1";7;"21046";"133";"2";"9";"3";"5";"89";"14";"10";"5";"8";"49";"11";"20";"30";"253";NA;"44993.945821759";"1";"0";"12";"12";3.66666666666667;3.16666666666667
"233";"626";NA;"sona";"base";"interview";"44994.020787037";"2";"3";"4";"3";"4";"2";"2";"1";"1";"2";"1";"8";"1";"2";NA;"1";NA;"1";19;"f";"Abi";NA;10;4;"1";8;"21991";"134";"1";"4";"7";"7";"57";"32";"14";"8";"17";"50";"28";"85";"39";"348";NA;"44994.024814814999";"1";"0";"12";"12";3.66666666666667;1.5
"234";"627";NA;"sona";"base";"interview";"44994.4840625";"3";"3";"4";"4";"4";"1";"2";"1";"1";"3";"2";"6";"2";"2";NA;"1";NA;"1";22;"f";"Abi";NA;2;3;"1";4;"17935";"134";"2";"12";"6";"3";"40";"22";"13";"7";"16";"61";"36";"45";"28";"289";NA;"44994.487407407003";"1";"0";"12";"12";4;1.66666666666667
"235";"628";NA;"sona";"base";"interview";"44994.596250000002";"2";"5";"6";"2";"6";"4";"2";"2";"3";"5";"4";"8";NA;NA;"2";NA;"2";"1";21;"f";"Abi";NA;5;5;"1";4;"20608";"134";"3";"1";"3";"69";"58";"19";"18";"8";"30";"61";"50";"27";"44";"328";NA;"44994.600763889001";"1";"0";"12";"12";4.66666666666667;3.33333333333333
"236";"632";NA;"sona";"base";"interview";"44994.911898147999";"2";"2";"5";"2";"5";"3";"2";"3";"2";"3";"4";"8";NA;NA;"1";NA;"1";"1";25;"f";"Abi";NA;8;6;"1";7;"18346";"135";"3";"23";"6";"13";"44";"22";"9";"10";"22";"66";"62";"19";"25";"321";NA;"44994.915625000001";"1";"0";"12";"12";4;2.83333333333333
"237";"634";NA;"sona";"base";"interview";"44995.431678241002";"3";"3";"4";"5";"4";"1";"2";"3";"2";"2";"2";"8";"3";"4";NA;"2";NA;"1";22;"f";"Abi";NA;4;5;"1";6;"15226";"136";"2";"8";"5";"9";"108";"26";"14";"10";"23";"46";"53";"41";"15";"358";NA;"44995.435844906999";"1";"0";"12";"12";4.33333333333333;2
"238";"635";NA;"sona";"base";"interview";"44995.453182869998";"2";"2";"5";"2";"4";"1";"1";"1";"1";"3";"1";"8";"2";"2";NA;"1";NA;"1";19;"f";"Abi";NA;6;5;"1";7;"20647";"136";"1";"2";"9";"3";"154";"16";"16";"4";"8";"46";"22";"50";"13";"343";NA;"44995.457152777999";"1";"0";"12";"12";3.66666666666667;1.33333333333333
"239";"636";NA;"sona";"base";"interview";"44995.646550926002";"3";"3";"4";"3";"4";"3";"3";"3";"4";"2";"2";"9";NA;NA;"2";NA;"2";"1";20;"f";"Abi";NA;4;6;"1";5;"21634";"136";"3";"2";"3";"15";"62";"38";"27";"11";"22";"96";"45";"143";"21";"485";NA;"44995.652164352003";"1";"0";"12";"12";3.66666666666667;2.83333333333333
"240";"640";NA;"sona";"base";"interview";"44995.958020833001";"3";"2";"3";"2";"2";"1";"1";"2";"1";"2";"2";"5";"3";"2";NA;"1";NA;"1";18;"f";"Abi";NA;3;5;"1";4;"21805";"137";"1";"28";"7";"16";"152";"48";"45";"22";"47";"86";"80";"92";"48";"671";NA;"44995.965787036999";"1";"0";"12";"12";2.33333333333333;1.5
"241";"642";NA;"sona";"base";"interview";"44996.899803241002";"3";"3";"5";"2";"4";"1";"1";"1";"2";"2";"1";"8";"2";"2";NA;"1";NA;"1";19;"f";"Abi";NA;1;3;"1";4;"20674";"137";"2";"9";"2";"2";"68";"14";"24";"4";"35";"47";"29";"20";"6";"260";NA;"44996.902824074001";"1";"0";"12";"12";3.66666666666667;1.33333333333333
"242";"643";NA;"sona";"base";"interview";"44997.456527777998";"2";"2";"5";"2";"2";"1";"2";"1";"1";"2";"2";"9";"3";"3";NA;"4";NA;"1";20;"f";"Abi";NA;-1;4;"1";7;"20839";"138";"1";"2";"4";"2";"40";"17";"11";"8";"12";"44";"18";"13";"17";"188";NA;"44997.458703703996";"1";"0";"12";"12";3;1.5
"243";"644";NA;"sona";"base";"interview";"44997.530972221997";"3";"3";"4";"4";"4";"1";"1";"2";"6";"2";"4";"9";NA;NA;"3";NA;"4";"1";19;"f";"Abi";NA;4;4;"2";7;"Delavci";"138";"3";"41";"10";"9";"37";"28";"19";"13";"39";"82";"35";"43";"153";"378";NA;"44997.536874999998";"1";"0";"12";"12";4;2.66666666666667
"244";"645";NA;"sona";"base";"interview";"44997.90431713";"1";"2";"3";"5";"2";"1";"1";"1";"1";"1";"1";"4";"2";"2";NA;"2";NA;"1";22;"f";"Abi";NA;6;6;"1";3;"16033";"138";"2";"4";"8";"3";"47";"19";"10";"11";"10";"35";"28";"47";"23";"245";NA;"44997.907152778003";"1";"0";"12";"12";3.33333333333333;1
"245";"647";NA;"sona";"base";"interview";"44998.685324074002";"3";"3";"3";"5";"2";"2";"4";"1";"4";"1";"5";"8";"3";"3";NA;"4";NA;"1";20;"f";"Abi";NA;1;8;"1";6;"21046";"139";"1";"4";"3";"1";"76";"9";"9";"9";"87";"33";"16";"17";"10";"274";NA;"44998.688495369999";"1";"0";"12";"12";3.33333333333333;2.83333333333333
"246";"648";NA;"sona";"base";"interview";"44998.741238426002";"3";"4";"5";"3";"4";"3";"4";"3";"3";"4";"3";"9";NA;NA;"2";NA;"2";"1";20;"f";"Abi";NA;-1;4;"2";7;"19948";"139";"3";"4";"5";"18";"105";"31";"17";"8";"27";"122";"32";"30";"29";"428";NA;"44998.746192129998";"1";"0";"12";"12";4;3.33333333333333
