"CASE";"MA01_01";"MA02";"MA05_01";"MA05_02";"MA05_03";"MA05_04";"MA06_01";"MA06_02";"MA06_03";"MA07_01";"MA07_02";"MA07_03";"MA07_04";"MA07_05";"MA07_06";"MA08_01";"MA08_02";"MA08_03";"MA08_04";"MA08_05";"MA08_06";"RM01";"TS01_01";"TS03";"TS04";"TS18";"TS12_01";"TS13";"TS16"
"324";324;8;"Eher ungerecht";3;3;3;4;4;2;4;3;4;3;4;4;4;3;4;5;5;5;5;3;25;"Männlich";"Bachelor - Abschluss";"Unter 1000€";9;"Ich spreche sehr gut deutsch.";"5"
"325";325;4;"Weder noch";4;4;4;4;3;3;3;3;3;4;2;3;3;1;2;2;2;3;2;2;25;"Weiblich";"Bachelor - Abschluss";"Unter 1000€";6;"Deutsch ist meine Muttersprache.";"4"
"337";337;5;"Eher gerecht";1;3;7;3;4;1;4;3;5;3;4;4;5;5;5;6;1;5;1;4;25;"Weiblich";"Bachelor - Abschluss";"Kein Einkommen";4;"Deutsch ist meine Muttersprache.";"7"
"342";342;4;"Gerecht";6;5;5;6;4;1;4;3;4;4;2;4;4;3;4;4;3;5;4;1;47;"Männlich";"Master - Abschluss";"6000€ bis unter 7000€";7;"Deutsch ist meine Muttersprache.";"8"
"346";346;9;"Ungerecht";1;2;1;2;4;2;4;4;4;2;3;3;4;3;3;3;3;3;3;3;34;"Weiblich";"Master - Abschluss";"2000€ bis unter 3000€";1;"Deutsch ist meine Muttersprache.";"5"
"348";348;9;"Eher ungerecht";2;2;1;2;4;2;3;2;3;2;2;2;3;2;4;2;4;1;2;4;27;"Weiblich";"Allgemeine oder fachgebundene Hochschulreife / Abitur";"1000€ bis unter 2000€";6;"Deutsch ist meine Muttersprache.";"5"
"349";349;9;"Ungerecht";3;2;1;2;4;2;3;3;4;2;2;2;4;2;3;3;2;2;3;2;24;"Männlich";"Bachelor - Abschluss";"Unter 1000€";4;"Deutsch ist meine Muttersprache.";"6"
"350";350;8;"Gerecht";5;5;6;5;4;1;4;4;5;3;3;3;5;5;4;4;2;4;4;2;32;"Männlich";"Bachelor - Abschluss";"3000€ bis unter 4000€";8;"Deutsch ist meine Muttersprache.";"7"
"353";353;10;"Ungerecht";1;1;1;1;3;3;3;4;4;2;3;3;3;1;1;1;1;2;2;3;23;"Weiblich";"Bachelor - Abschluss";"Unter 1000€";4;"Deutsch ist meine Muttersprache.";"7"
"355";355;9;"Ungerecht";2;2;3;3;4;1;5;3;4;3;4;4;4;4;2;3;4;2;5;1;29;"Weiblich";"Bachelor - Abschluss";"2000€ bis unter 3000€";6;"Deutsch ist meine Muttersprache.";"8"
"357";357;7;"Weder noch";6;4;5;5;4;2;4;3;5;3;3;3;5;4;5;4;3;5;4;4;32;"Männlich";"Bachelor - Abschluss";"2000€ bis unter 3000€";9;"Deutsch ist meine Muttersprache.";"6"
"358";358;9;"Ungerecht";2;2;3;3;3;4;2;3;3;2;2;3;4;2;2;2;3;3;2;1;36;"Weiblich";"Master - Abschluss";"1000€ bis unter 2000€";5;"Ich spreche sehr gut deutsch.";"5"
"359";359;9;"Sehr ungerecht";3;2;1;2;3;4;3;3;4;2;3;3;4;2;3;4;5;5;4;3;33;"Weiblich";"Master - Abschluss";"2000€ bis unter 3000€";3;"Deutsch ist meine Muttersprache.";"6"
"361";361;10;"Sehr ungerecht";1;1;1;1;2;3;3;3;3;2;3;3;1;1;1;1;1;1;2;2;24;"Weiblich";"Allgemeine oder fachgebundene Hochschulreife / Abitur";"Unter 1000€";1;"Deutsch ist meine Muttersprache.";"5"
"363";363;9;"Ungerecht";2;2;2;2;2;3;2;2;2;2;2;2;2;1;1;2;1;1;1;4;28;"Weiblich";"Bachelor - Abschluss";"1000€ bis unter 2000€";2;"Deutsch ist meine Muttersprache.";"7"
"365";365;9;"Ungerecht";2;2;3;3;3;2;3;4;2;2;2;2;4;2;2;3;1;3;4;2;27;"Weiblich";"Bachelor - Abschluss";"1000€ bis unter 2000€";5;"Deutsch ist meine Muttersprache.";"5"
"368";368;5;"Weder noch";5;3;3;5;2;3;2;2;4;4;4;4;3;1;5;1;1;2;1;3;27;"Weiblich";"Master - Abschluss";"[NA] Keine Angabe gewünscht.";5;"Deutsch ist meine Muttersprache.";"8"
"369";369;8;"Ungerecht";1;1;1;1;4;1;4;2;3;1;3;3;2;1;3;2;2;4;4;4;23;"Weiblich";"Bachelor - Abschluss";"Unter 1000€";2;"Deutsch ist meine Muttersprache.";"8"
"370";370;9;"Eher ungerecht";3;3;2;2;3;3;3;4;3;2;4;4;3;2;1;1;1;1;1;1;23;"Weiblich";"Bachelor - Abschluss";"1000€ bis unter 2000€";2;"Deutsch ist meine Muttersprache.";"5"
"371";371;9;"Weder noch";2;2;1;2;3;2;3;4;4;3;3;3;4;1;3;2;1;2;1;1;25;"Weiblich";"Bachelor - Abschluss";"2000€ bis unter 3000€";5;"Deutsch ist meine Muttersprache.";"6"
"372";372;8;"Ungerecht";4;3;3;4;4;3;4;3;4;2;3;3;1;2;2;1;2;3;3;3;23;"Weiblich";"Bachelor - Abschluss";"Unter 1000€";3;"Deutsch ist meine Muttersprache.";"7"
"373";373;9;"Ungerecht";3;2;2;3;4;1;4;4;4;2;3;3;4;1;2;2;2;4;4;4;27;"Weiblich";"Bachelor - Abschluss";"1000€ bis unter 2000€";6;"Deutsch ist meine Muttersprache.";"6"
"375";375;7;"Eher ungerecht";2;2;3;3;4;1;5;4;4;3;4;4;4;2;2;3;3;4;5;2;28;"Weiblich";"Allgemeine oder fachgebundene Hochschulreife / Abitur";"1000€ bis unter 2000€";5;"Deutsch ist meine Muttersprache.";"4"
"379";379;9;"Ungerecht";3;2;2;2;3;3;3;3;3;3;3;3;3;2;2;3;4;2;4;3;22;"Weiblich";"Allgemeine oder fachgebundene Hochschulreife / Abitur";"Unter 1000€";4;"Deutsch ist meine Muttersprache.";"7"
"380";380;8;"Eher ungerecht";2;2;2;2;1;4;1;3;4;2;2;3;4;1;1;1;1;1;1;1;26;"Weiblich";"Master - Abschluss";"1000€ bis unter 2000€";7;"Deutsch ist meine Muttersprache.";"6"
"389";389;7;"Eher ungerecht";2;3;3;2;4;3;4;3;4;2;3;1;4;2;3;3;2;3;2;4;13;"Weiblich";"Realschulabschluss (Mittlere Reife)";"Kein Einkommen";4;"Ich spreche gut deutsch.";"7"
"390";390;9;"Eher ungerecht";2;3;2;2;4;2;3;4;5;4;4;4;4;1;2;4;2;4;5;2;22;"Männlich";"Allgemeine oder fachgebundene Hochschulreife / Abitur";"Kein Einkommen";5;"Deutsch ist meine Muttersprache.";"5"
"394";394;9;"Ungerecht";1;1;1;1;4;2;4;4;3;2;2;2;4;3;2;2;3;1;2;4;25;"Weiblich";"Bachelor - Abschluss";"Unter 1000€";4;"Deutsch ist meine Muttersprache.";"4"
"396";396;7;"Weder noch";3;3;2;4;4;2;3;3;4;2;3;3;4;3;2;3;2;3;3;1;23;"Weiblich";"Bachelor - Abschluss";"1000€ bis unter 2000€";4;"Deutsch ist meine Muttersprache.";"7"
"399";399;5;"Eher ungerecht";6;3;5;3;5;2;3;3;4;3;1;5;3;5;5;3;2;2;3;2;18;"Weiblich";"Allgemeine oder fachgebundene Hochschulreife / Abitur";"1000€ bis unter 2000€";2;"Deutsch ist meine Muttersprache.";"5"
"402";402;8;"Weder noch";2;3;3;3;3;2;3;4;4;4;4;4;4;2;2;2;3;4;2;3;26;"Weiblich";"Bachelor - Abschluss";"[NA] Keine Angabe gewünscht.";3;"Deutsch ist meine Muttersprache.";"7"
"403";403;8;"Weder noch";2;3;2;3;3;1;4;4;5;3;4;5;4;2;2;2;2;4;3;4;22;"Weiblich";"Bachelor - Abschluss";"1000€ bis unter 2000€";4;"Deutsch ist meine Muttersprache.";"8"
"404";404;7;"Ungerecht";3;3;3;2;4;4;3;3;4;3;3;3;3;1;4;1;4;3;3;2;24;"Weiblich";"Bachelor - Abschluss";"Unter 1000€";3;"Deutsch ist meine Muttersprache.";"6"
"406";406;7;"Eher ungerecht";3;3;3;2;4;3;3;4;5;3;4;4;4;2;3;3;2;2;3;1;18;"Männlich";"Allgemeine oder fachgebundene Hochschulreife / Abitur";"Kein Einkommen";4;"Deutsch ist meine Muttersprache.";"7"
"407";407;8;"Ungerecht";1;2;1;1;3;4;2;4;4;4;5;5;4;1;1;2;1;4;1;4;22;"Weiblich";"Bachelor - Abschluss";"Unter 1000€";7;"Deutsch ist meine Muttersprache.";"8"
"409";409;7;"Eher gerecht";5;4;3;4;3;2;4;3;4;3;3;4;4;3;4;2;4;4;4;3;25;"Weiblich";"Bachelor - Abschluss";"Unter 1000€";5;"Deutsch ist meine Muttersprache.";"7"
"412";412;10;"Sehr ungerecht";1;1;1;1;4;2;4;4;5;2;3;3;5;6;6;1;1;4;1;2;51;"Weiblich";"Master - Abschluss";"3000€ bis unter 4000€";3;"Deutsch ist meine Muttersprache.";"6"
"415";415;10;"Eher ungerecht";4;3;3;4;4;3;4;4;5;4;4;4;5;3;3;5;2;4;2;3;57;"Weiblich";"Bachelor - Abschluss";"3000€ bis unter 4000€";4;"Deutsch ist meine Muttersprache.";"7"
"416";416;9;"Eher ungerecht";4;3;3;3;4;2;2;3;4;3;3;4;4;2;2;3;2;3;2;1;59;"Männlich";"Master - Abschluss";"4000€ bis unter 5000€ (7)";7;"Deutsch ist meine Muttersprache.";"6"
"420";420;8;"Ungerecht";3;2;1;3;4;1;3;3;4;4;4;4;4;3;3;2;3;4;3;4;24;"Weiblich";"Allgemeine oder fachgebundene Hochschulreife / Abitur";"Unter 1000€";3;"Deutsch ist meine Muttersprache.";"7"
"422";422;9;"Ungerecht";2;2;2;3;4;1;2;4;4;2;4;4;3;1;2;1;3;3;1;3;21;"Weiblich";"Allgemeine oder fachgebundene Hochschulreife / Abitur";"Unter 1000€";3;"Deutsch ist meine Muttersprache.";"6"
"423";423;9;"Eher ungerecht";1;2;1;3;4;3;3;2;3;2;2;2;3;2;3;3;1;3;3;2;50;"Weiblich";"Realschulabschluss (Mittlere Reife)";"4000€ bis unter 5000€ (7)";6;"Deutsch ist meine Muttersprache.";"6"
"424";424;7;"Weder noch";4;4;3;3;3;3;4;3;4;3;3;3;4;3;3;4;2;4;4;4;68;"Männlich";"Master - Abschluss";"3000€ bis unter 4000€";6;"Deutsch ist meine Muttersprache.";"6"
"427";427;7;"Eher gerecht";4;4;3;4;3;4;2;3;4;2;3;3;4;2;2;2;2;3;3;1;56;"Weiblich";"Allgemeine oder fachgebundene Hochschulreife / Abitur";"3000€ bis unter 4000€";5;"Deutsch ist meine Muttersprache.";"6"
"431";431;10;"Ungerecht";1;1;1;1;4;3;3;2;4;2;3;3;5;1;1;1;2;1;1;1;38;"Weiblich";"Bachelor - Abschluss";"1000€ bis unter 2000€";1;"Deutsch ist meine Muttersprache.";"5"
"438";438;9;"Ungerecht";2;2;2;2;5;1;5;4;5;4;4;4;5;1;2;5;1;4;3;3;55;"Weiblich";"Bachelor - Abschluss";"3000€ bis unter 4000€";3;"Deutsch ist meine Muttersprache.";"7"
"439";439;7;"Eher ungerecht";2;2;2;2;4;2;4;3;4;2;4;4;3;2;2;2;2;2;2;2;25;"Weiblich";"Bachelor - Abschluss";"Unter 1000€";7;"Deutsch ist meine Muttersprache.";"5"
"443";443;9;"Eher ungerecht";3;3;3;3;4;1;4;4;4;4;4;4;4;3;3;4;4;4;5;4;27;"Weiblich";"Bachelor - Abschluss";"Unter 1000€";4;"Deutsch ist meine Muttersprache.";"3"
"445";445;9;"Eher gerecht";4;4;4;4;4;1;3;2;4;2;3;3;4;1;1;1;1;2;1;1;27;"Weiblich";"Bachelor - Abschluss";"Unter 1000€";7;"Deutsch ist meine Muttersprache.";"6"
"447";447;3;"Eher ungerecht";4;5;6;3;3;3;3;1;4;1;1;1;2;5;5;3;2;2;2;4;28;"Männlich";"Master - Abschluss";"3000€ bis unter 4000€";8;"Deutsch ist meine Muttersprache.";"6"
"453";453;8;"Eher ungerecht";3;2;2;2;3;3;4;2;4;3;3;3;4;2;4;2;3;5;4;3;38;"Männlich";"Master - Abschluss";"6000€ bis unter 7000€";5;"Deutsch ist meine Muttersprache.";"8"
"457";457;10;"Ungerecht";1;1;1;1;3;2;2;1;4;3;4;3;4;1;1;2;1;4;1;3;25;"Weiblich";"Bachelor - Abschluss";"1000€ bis unter 2000€";3;"Deutsch ist meine Muttersprache.";"8"
"459";459;8;"Eher gerecht";5;3;2;4;4;3;3;2;4;3;3;4;4;2;5;3;4;2;2;3;23;"Weiblich";"Bachelor - Abschluss";"Unter 1000€";7;"Deutsch ist meine Muttersprache.";"8"
"463";463;8;"Eher ungerecht";4;5;2;5;4;1;5;3;3;3;4;3;3;4;4;2;4;5;4;2;26;"Weiblich";"Bachelor - Abschluss";"1000€ bis unter 2000€";4;"Deutsch ist meine Muttersprache.";"6"
"465";465;7;"Eher gerecht";2;5;5;5;4;2;2;4;5;2;4;4;4;5;5;2;1;2;2;4;28;"Männlich";"Master - Abschluss";"1000€ bis unter 2000€";6;"Deutsch ist meine Muttersprache.";"7"
"466";466;9;"Weder noch";4;4;2;4;4;2;4;3;4;3;3;3;4;1;1;2;1;1;1;1;57;"Weiblich";"Allgemeine oder fachgebundene Hochschulreife / Abitur";"2000€ bis unter 3000€";6;"Deutsch ist meine Muttersprache.";"6"
"475";475;7;"Eher gerecht";5;5;6;5;3;1;3;3;4;2;3;3;4;2;3;3;1;2;3;1;24;"Männlich";"Realschulabschluss (Mittlere Reife)";"1000€ bis unter 2000€";6;"Deutsch ist meine Muttersprache.";"5"
"483";483;10;"Sehr ungerecht";1;1;1;1;3;2;3;4;4;3;3;3;2;1;1;1;1;3;2;3;24;"Weiblich";"Bachelor - Abschluss";"1000€ bis unter 2000€";1;"Deutsch ist meine Muttersprache.";"6"
"484";484;7;"Eher ungerecht";1;3;2;4;4;1;4;3;4;3;4;4;4;3;2;2;3;4;4;4;58;"Weiblich";"Fachhochschulabschluss";"3000€ bis unter 4000€";4;"Deutsch ist meine Muttersprache.";"7"
"485";485;7;"Eher gerecht";5;5;3;6;4;2;4;4;4;3;3;3;3;3;4;3;2;4;4;2;22;"Männlich";"Allgemeine oder fachgebundene Hochschulreife / Abitur";"1000€ bis unter 2000€";5;"Deutsch ist meine Muttersprache.";"10"
"488";488;8;"Eher ungerecht";3;2;2;2;3;3;3;2;3;1;1;1;3;3;3;2;4;3;3;4;28;"Weiblich";"Bachelor - Abschluss";"3000€ bis unter 4000€";6;"Deutsch ist meine Muttersprache.";"7"
"501";501;9;"Eher ungerecht";3;3;3;4;3;3;4;4;3;2;2;2;4;3;3;2;3;3;4;3;31;"Männlich";"Master - Abschluss";"3000€ bis unter 4000€";6;"Ich spreche sehr gut deutsch.";"4"
"503";503;7;"Gerecht";7;6;4;6;5;1;4;4;4;4;4;4;5;4;5;5;5;5;6;1;28;"Weiblich";"Master - Abschluss";"4000€ bis unter 5000€ (6)";4;"Deutsch ist meine Muttersprache.";"5"
"504";504;4;"Gerecht";6;6;5;7;4;2;4;3;5;4;4;4;5;4;6;3;4;6;6;1;36;"Männlich";"Doktor - Grad";"5000€ bis unter 6000€";5;"Deutsch ist meine Muttersprache.";"6"
"508";508;8;"Eher ungerecht";3;3;2;3;4;3;3;3;5;2;3;3;4;3;3;3;1;4;5;4;22;"Männlich";"Allgemeine oder fachgebundene Hochschulreife / Abitur";"Unter 1000€";3;"Deutsch ist meine Muttersprache.";"7"
"509";509;9;"Eher ungerecht";1;1;1;1;4;2;4;2;3;2;2;4;1;2;2;2;3;5;2;2;25;"Divers";"Bachelor - Abschluss";"[NA] Keine Angabe gewünscht.";3;"Deutsch ist meine Muttersprache.";"5"
"515";515;7;"Eher ungerecht";3;3;2;3;4;2;3;3;3;2;3;3;3;2;3;2;3;4;4;3;22;"Weiblich";"Bachelor - Abschluss";"Unter 1000€";5;"Deutsch ist meine Muttersprache.";"4"
"518";518;7;"Eher ungerecht";4;4;5;5;3;2;4;2;4;2;3;3;4;3;4;2;4;4;3;3;24;"Weiblich";"Master - Abschluss";"1000€ bis unter 2000€";6;"Deutsch ist meine Muttersprache.";"6"
"529";529;10;"Sehr ungerecht";1;1;1;1;4;3;3;3;3;2;2;2;1;1;1;1;1;1;1;4;20;"Männlich";"Bachelor - Abschluss";"Unter 1000€";2;"Deutsch ist meine Muttersprache.";"7"
"530";530;8;"Eher ungerecht";5;2;4;4;5;2;4;4;5;3;4;3;3;2;4;2;1;3;2;1;24;"Weiblich";"Bachelor - Abschluss";"Kein Einkommen";3;"Deutsch ist meine Muttersprache.";"4"
"532";532;9;"Eher ungerecht";2;2;2;2;4;2;4;3;4;2;4;3;4;2;2;2;1;1;1;2;42;"Weiblich";"Fachhochschulabschluss";"3000€ bis unter 4000€";7;"Deutsch ist meine Muttersprache.";"6"
"536";536;9;"Ungerecht";1;1;1;1;3;3;3;3;4;2;3;2;4;2;2;2;1;5;3;4;50;"Männlich";"Doktor - Grad";"6000€ bis unter 7000€";5;"Deutsch ist meine Muttersprache.";"7"
"537";537;10;"Eher ungerecht";1;1;1;1;1;5;2;3;1;1;1;1;1;1;1;2;1;1;1;4;22;"Männlich";"Allgemeine oder fachgebundene Hochschulreife / Abitur";"Unter 1000€";6;"Deutsch ist meine Muttersprache.";"5"
"542";542;7;"Eher ungerecht";2;3;2;3;4;3;4;4;2;3;3;3;4;1;3;2;2;3;4;2;25;"Weiblich";"Bachelor - Abschluss";"Kein Einkommen";-9;"Deutsch ist meine Muttersprache.";"7"
"543";543;9;"Eher ungerecht";5;2;1;3;2;3;2;3;4;2;2;2;4;2;3;2;1;2;1;1;32;"Weiblich";"Master - Abschluss";"2000€ bis unter 3000€";5;"Deutsch ist meine Muttersprache.";"7"
"544";544;8;"Ungerecht";2;2;3;2;2;3;2;2;4;1;2;2;3;1;2;2;3;3;3;3;24;"Weiblich";"Bachelor - Abschluss";"Unter 1000€";3;"Deutsch ist meine Muttersprache.";"6"
"545";545;6;"Gerecht";6;5;5;5;3;3;2;1;3;3;2;2;5;4;4;4;2;4;4;1;59;"Weiblich";"Realschulabschluss (Mittlere Reife)";"1000€ bis unter 2000€";7;"Deutsch ist meine Muttersprache.";"8"
"546";546;8;"Ungerecht";1;1;1;1;5;1;4;1;3;1;1;1;3;1;1;1;1;1;1;2;44;"Männlich";"Master - Abschluss";"4000€ bis unter 5000€ (6)";6;"Deutsch ist meine Muttersprache.";"8"
"547";547;8;"Weder noch";3;4;2;4;3;2;2;3;4;3;3;2;4;1;1;2;3;3;2;2;24;"Weiblich";"[NA] nicht beantwortet";"1000€ bis unter 2000€";6;"Deutsch ist meine Muttersprache.";"5"
"548";548;4;"Eher gerecht";5;5;5;5;3;4;2;1;3;1;2;2;3;4;4;4;3;4;4;4;59;"Männlich";"Realschulabschluss (Mittlere Reife)";"3000€ bis unter 4000€";7;"Ich spreche sehr gut deutsch.";"7"
"551";551;5;"Eher gerecht";5;5;5;5;3;4;3;1;2;1;2;3;3;4;4;4;4;5;4;1;59;"Männlich";"Realschulabschluss (Mittlere Reife)";"3000€ bis unter 4000€";7;"Ich spreche sehr gut deutsch.";"7"
"554";554;10;"[NA] Kann ich nicht sagen";4;3;2;3;4;5;3;4;2;1;3;3;3;2;2;2;3;5;4;3;25;"Weiblich";"Master - Abschluss";"1000€ bis unter 2000€";5;"Deutsch ist meine Muttersprache.";"6"
"561";561;10;"Ungerecht";2;3;4;4;4;3;3;3;5;3;3;3;4;2;3;2;3;4;2;3;29;"Weiblich";"Master - Abschluss";"3000€ bis unter 4000€";3;"Deutsch ist meine Muttersprache.";"8"
"563";563;7;"Eher ungerecht";3;3;1;2;3;3;2;1;3;1;1;1;4;1;3;3;1;3;3;4;35;"Weiblich";"Bachelor - Abschluss";"1000€ bis unter 2000€";6;"Ich spreche sehr gut deutsch.";"5"
"564";564;7;"Eher gerecht";5;5;5;5;4;1;4;3;4;4;4;3;4;4;4;4;3;4;4;4;47;"Männlich";"Master - Abschluss";"5000€ bis unter 6000€";7;"Ich spreche sehr gut deutsch.";"8"
"570";570;7;"Eher ungerecht";3;2;3;3;4;2;3;2;4;2;2;2;3;3;3;3;5;2;5;2;32;"Weiblich";"Master - Abschluss";"[NA] Keine Angabe gewünscht.";7;"Deutsch ist meine Muttersprache.";"6"
"571";571;8;"Ungerecht";1;2;2;2;3;2;3;4;2;3;3;3;2;2;2;2;2;3;3;3;24;"Weiblich";"Bachelor - Abschluss";"1000€ bis unter 2000€";2;"Deutsch ist meine Muttersprache.";"6"
"573";573;8;"Eher gerecht";5;5;3;4;4;3;1;4;4;2;2;2;4;2;3;3;3;4;2;1;23;"Weiblich";"Allgemeine oder fachgebundene Hochschulreife / Abitur";"Kein Einkommen";5;"Deutsch ist meine Muttersprache.";"8"
"575";575;10;"Ungerecht";1;1;1;1;4;1;4;3;4;2;2;2;4;3;1;1;1;3;3;1;23;"Weiblich";"Bachelor - Abschluss";"Unter 1000€";4;"Deutsch ist meine Muttersprache.";"8"
"576";576;8;"Eher ungerecht";2;2;1;2;4;2;4;3;4;3;4;4;4;2;2;2;1;3;2;3;19;"Weiblich";"Allgemeine oder fachgebundene Hochschulreife / Abitur";"Unter 1000€";3;"Deutsch ist meine Muttersprache.";"7"
"581";581;10;"Sehr ungerecht";1;2;2;2;4;2;4;4;5;3;4;4;3;1;1;2;4;3;3;4;21;"Männlich";"Allgemeine oder fachgebundene Hochschulreife / Abitur";"Unter 1000€";3;"Deutsch ist meine Muttersprache.";"7"
"583";583;9;"Ungerecht";4;4;4;5;3;3;4;3;4;3;3;4;3;3;4;3;4;5;4;2;25;"Weiblich";"Bachelor - Abschluss";"1000€ bis unter 2000€";4;"Deutsch ist meine Muttersprache.";"8"
"584";584;8;"Weder noch";3;4;3;4;3;3;2;4;4;3;3;3;3;1;1;3;1;5;2;2;20;"Weiblich";"Allgemeine oder fachgebundene Hochschulreife / Abitur";"Unter 1000€";4;"Deutsch ist meine Muttersprache.";"4"
"588";588;8;"Eher ungerecht";3;3;2;4;4;2;4;3;4;2;4;3;3;3;2;2;4;2;3;4;23;"Weiblich";"Allgemeine oder fachgebundene Hochschulreife / Abitur";"Unter 1000€";6;"Deutsch ist meine Muttersprache.";"7"
"589";589;8;"Ungerecht";2;2;2;2;3;4;3;4;2;1;3;3;3;2;2;1;1;2;1;3;26;"Weiblich";"Bachelor - Abschluss";"2000€ bis unter 3000€";4;"Deutsch ist meine Muttersprache.";"7"
"596";596;10;"Ungerecht";2;2;2;3;4;2;4;3;5;2;3;3;5;1;2;1;2;4;1;1;22;"Weiblich";"Allgemeine oder fachgebundene Hochschulreife / Abitur";"Kein Einkommen";7;"Deutsch ist meine Muttersprache.";"5"
"597";597;6;"Eher gerecht";3;4;3;5;4;3;3;3;4;3;4;4;4;3;4;3;2;4;2;1;25;"Weiblich";"Bachelor - Abschluss";"Unter 1000€";7;"Deutsch ist meine Muttersprache.";"3"
"598";598;8;"Eher ungerecht";2;3;2;2;4;1;3;4;4;2;3;4;4;3;4;3;4;5;4;3;23;"Weiblich";"Allgemeine oder fachgebundene Hochschulreife / Abitur";"Unter 1000€";4;"Deutsch ist meine Muttersprache.";"7"
"602";602;5;"Eher gerecht";5;5;5;5;4;2;4;2;5;3;4;4;4;3;4;4;3;3;4;4;23;"Männlich";"Bachelor - Abschluss";"Kein Einkommen";5;"Ich spreche gut deutsch.";"6"
"603";603;9;"Eher ungerecht";4;3;2;3;4;3;3;4;4;3;3;3;4;3;3;3;4;2;2;2;22;"Weiblich";"Bachelor - Abschluss";"Unter 1000€";5;"Deutsch ist meine Muttersprache.";"5"
"604";604;6;"Eher ungerecht";5;3;5;3;2;3;4;3;3;4;2;4;2;3;4;4;3;5;4;1;23;"Weiblich";"Bachelor - Abschluss";"2000€ bis unter 3000€";5;"Deutsch ist meine Muttersprache.";"7"
"607";607;10;"Ungerecht";3;3;2;3;4;2;4;4;4;4;4;5;4;2;2;3;2;3;2;3;63;"Männlich";"Fachhochschulabschluss";"2000€ bis unter 3000€";5;"Deutsch ist meine Muttersprache.";"7"
"610";610;10;"Ungerecht";1;1;1;1;3;1;3;2;3;3;3;3;1;1;1;1;1;1;1;3;28;"Weiblich";"Bachelor - Abschluss";"Unter 1000€";2;"Ich spreche sehr gut deutsch.";"3"
"613";613;6;"Eher ungerecht";4;3;3;3;3;3;3;3;4;3;3;3;4;2;1;1;1;2;1;4;20;"Weiblich";"Allgemeine oder fachgebundene Hochschulreife / Abitur";"Unter 1000€";5;"Deutsch ist meine Muttersprache.";"8"
"616";616;8;"Eher ungerecht";3;3;3;4;2;3;2;1;3;1;1;1;1;1;3;1;1;2;3;2;28;"Männlich";"Master - Abschluss";"2000€ bis unter 3000€";3;"Deutsch ist meine Muttersprache.";"7"
"619";619;9;"Ungerecht";2;2;2;1;3;2;4;4;5;3;3;3;3;2;2;3;1;3;3;3;28;"Weiblich";"Master - Abschluss";"2000€ bis unter 3000€";3;"Deutsch ist meine Muttersprache.";"8"
"620";620;5;"Weder noch";4;4;5;4;3;2;2;3;4;2;3;3;5;3;2;3;2;5;4;4;24;"Männlich";"Allgemeine oder fachgebundene Hochschulreife / Abitur";"1000€ bis unter 2000€";6;"Deutsch ist meine Muttersprache.";"5"
"625";625;9;"Ungerecht";2;2;1;2;2;2;3;3;4;1;2;2;3;1;1;2;1;2;1;1;24;"Männlich";"Bachelor - Abschluss";"1000€ bis unter 2000€";3;"Deutsch ist meine Muttersprache.";"7"
"632";632;2;"Eher ungerecht";1;2;3;2;3;1;3;2;4;3;4;5;3;1;1;1;1;1;1;4;26;"Weiblich";"Master - Abschluss";"Unter 1000€";2;"Deutsch ist meine Muttersprache.";"7"
"636";636;10;"Ungerecht";2;2;2;2;4;2;4;4;4;3;4;4;4;2;2;3;3;4;2;2;25;"Weiblich";"Bachelor - Abschluss";"Kein Einkommen";2;"Deutsch ist meine Muttersprache.";"6"
"637";637;7;"Eher ungerecht";3;3;2;4;4;2;2;2;2;2;2;2;4;1;3;2;4;2;5;3;22;"Weiblich";"Bachelor - Abschluss";"1000€ bis unter 2000€";3;"Deutsch ist meine Muttersprache.";"7"
"639";639;9;"Ungerecht";2;2;1;2;2;3;2;3;2;2;2;1;2;2;2;3;1;1;1;1;19;"Männlich";"Allgemeine oder fachgebundene Hochschulreife / Abitur";"Kein Einkommen";2;"Deutsch ist meine Muttersprache.";"7"
"642";642;8;"Eher ungerecht";3;3;3;4;3;2;3;3;4;3;4;3;3;2;3;3;5;4;5;4;27;"Männlich";"Bachelor - Abschluss";"1000€ bis unter 2000€";7;"Deutsch ist meine Muttersprache.";"7"
"643";643;5;"Weder noch";4;1;1;4;4;3;4;1;2;1;2;2;4;3;4;3;2;1;3;4;26;"Männlich";"Master - Abschluss";"[NA] Keine Angabe gewünscht.";6;"Deutsch ist meine Muttersprache.";"2"
"646";646;2;"Eher ungerecht";3;4;3;3;4;3;4;3;2;2;3;2;2;2;3;1;1;1;2;3;20;"Männlich";"Bachelor - Abschluss";"Unter 1000€";1;"Deutsch ist meine Muttersprache.";"8"
"647";647;9;"[NA] Kann ich nicht sagen";4;3;3;4;4;2;4;4;4;3;4;4;4;2;2;3;1;3;2;2;19;"Weiblich";"Allgemeine oder fachgebundene Hochschulreife / Abitur";"Unter 1000€";4;"Deutsch ist meine Muttersprache.";"7"
"652";652;7;"Eher ungerecht";1;1;1;1;4;2;4;4;3;2;3;4;3;2;1;1;1;1;1;1;24;"Weiblich";"Bachelor - Abschluss";"Unter 1000€";2;"Deutsch ist meine Muttersprache.";"3"
"669";669;8;"Eher ungerecht";3;3;2;3;3;3;2;2;2;1;1;1;3;3;4;2;1;1;4;1;28;"Weiblich";"Allgemeine oder fachgebundene Hochschulreife / Abitur";"Kein Einkommen";5;"Ich spreche sehr gut deutsch.";"6"
"682";682;8;"Eher ungerecht";4;2;2;3;5;2;4;3;4;3;4;4;4;2;3;2;2;5;4;3;21;"Weiblich";"Allgemeine oder fachgebundene Hochschulreife / Abitur";"Unter 1000€";3;"Deutsch ist meine Muttersprache.";"7"
"683";683;7;"Eher ungerecht";2;2;2;3;4;4;3;2;3;1;2;2;4;1;1;1;2;4;2;2;36;"Weiblich";"Bachelor - Abschluss";"2000€ bis unter 3000€";8;"Deutsch ist meine Muttersprache.";"8"
"698";698;7;"Weder noch";4;4;4;4;3;2;4;3;4;3;4;4;4;4;4;3;3;4;4;3;32;"Männlich";"Master - Abschluss";"4000€ bis unter 5000€ (7)";6;"Ich spreche sehr gut deutsch.";"6"
"699";699;6;"Eher ungerecht";4;3;4;3;4;2;4;3;5;3;4;4;4;4;4;3;4;6;5;4;22;"Männlich";"Bachelor - Abschluss";"Unter 1000€";6;"Deutsch ist meine Muttersprache.";"3"
"700";700;10;"Ungerecht";1;1;2;1;4;1;3;4;5;3;3;3;5;4;4;3;4;4;5;2;24;"Männlich";"Bachelor - Abschluss";"1000€ bis unter 2000€";7;"Deutsch ist meine Muttersprache.";"3"
"701";701;8;"Gerecht";7;6;5;7;3;3;3;2;5;3;3;3;5;3;4;3;3;3;3;1;29;"Männlich";"Doktor - Grad";"5000€ bis unter 6000€";6;"Deutsch ist meine Muttersprache.";"7"
"702";702;10;"Eher ungerecht";4;3;3;2;4;1;3;4;5;2;4;3;4;3;3;3;3;4;4;3;25;"Weiblich";"Bachelor - Abschluss";"2000€ bis unter 3000€";5;"Deutsch ist meine Muttersprache.";"4"
"703";703;10;"Sehr ungerecht";2;1;1;2;3;2;3;2;4;2;3;2;4;4;4;3;4;5;5;2;28;"Weiblich";"Master - Abschluss";"4000€ bis unter 5000€ (7)";5;"Deutsch ist meine Muttersprache.";"6"
"704";704;7;"Eher ungerecht";3;3;3;3;3;4;2;2;3;3;3;3;4;1;2;1;2;2;3;4;20;"Weiblich";"Allgemeine oder fachgebundene Hochschulreife / Abitur";"[NA] Keine Angabe gewünscht.";6;"Deutsch ist meine Muttersprache.";"7"
"712";712;3;"Eher gerecht";2;3;4;4;4;2;4;3;5;2;3;3;4;2;3;2;2;4;4;1;22;"Weiblich";"Bachelor - Abschluss";"2000€ bis unter 3000€";4;"Deutsch ist meine Muttersprache.";"7"
"721";721;7;"Eher gerecht";7;6;5;4;2;2;1;3;3;4;4;3;5;4;4;5;3;5;5;3;24;"Weiblich";"Bachelor - Abschluss";"1000€ bis unter 2000€";2;"Deutsch ist meine Muttersprache.";"8"
"722";722;9;"Ungerecht";1;2;1;2;4;2;4;4;4;2;3;3;4;1;1;2;1;1;1;4;25;"Weiblich";"Bachelor - Abschluss";"1000€ bis unter 2000€";3;"Deutsch ist meine Muttersprache.";"6"
"724";724;8;"Eher ungerecht";3;4;3;4;3;2;4;2;4;2;3;3;4;1;3;2;3;4;4;4;24;"Weiblich";"Bachelor - Abschluss";"1000€ bis unter 2000€";3;"Deutsch ist meine Muttersprache.";"4"
"728";728;7;"Eher ungerecht";5;5;5;5;2;4;3;3;4;2;3;3;4;2;5;4;2;3;4;2;20;"Männlich";"Allgemeine oder fachgebundene Hochschulreife / Abitur";"Unter 1000€";6;"Deutsch ist meine Muttersprache.";"4"
"736";736;7;"Eher ungerecht";2;2;2;2;4;3;3;3;4;3;3;3;4;2;3;3;1;3;2;1;24;"Weiblich";"Bachelor - Abschluss";"2000€ bis unter 3000€";5;"Deutsch ist meine Muttersprache.";"5"
"749";749;8;"Eher ungerecht";2;2;3;3;4;2;4;2;4;2;2;2;4;2;1;2;3;4;3;2;25;"Weiblich";"Bachelor - Abschluss";"1000€ bis unter 2000€";7;"Deutsch ist meine Muttersprache.";"6"
"752";752;7;"Weder noch";5;4;3;5;3;3;2;1;4;2;2;2;3;2;3;2;2;3;3;2;24;"Weiblich";"Allgemeine oder fachgebundene Hochschulreife / Abitur";"3000€ bis unter 4000€";3;"Deutsch ist meine Muttersprache.";"8"
"753";753;6;"[NA] Kann ich nicht sagen";5;5;5;5;4;2;4;2;3;2;3;3;3;3;3;2;2;3;3;4;24;"Männlich";"Master - Abschluss";"3000€ bis unter 4000€";7;"Deutsch ist meine Muttersprache.";"7"
"754";754;8;"Ungerecht";3;2;2;2;3;3;2;3;4;4;4;4;4;3;3;4;2;5;5;4;30;"Weiblich";"Allgemeine oder fachgebundene Hochschulreife / Abitur";"Unter 1000€";2;"Deutsch ist meine Muttersprache.";"3"
"758";758;7;"Eher ungerecht";3;4;3;5;4;2;4;4;4;4;4;4;4;3;2;2;2;4;3;1;22;"Weiblich";"Allgemeine oder fachgebundene Hochschulreife / Abitur";"1000€ bis unter 2000€";5;"Deutsch ist meine Muttersprache.";"9"
"764";764;9;"Ungerecht";4;3;1;2;4;3;3;3;3;2;3;2;3;2;2;2;1;3;4;2;21;"Weiblich";"Allgemeine oder fachgebundene Hochschulreife / Abitur";"Unter 1000€";2;"Deutsch ist meine Muttersprache.";"7"
"765";765;8;"Eher ungerecht";3;3;1;3;5;2;4;2;4;2;2;2;4;2;3;2;4;4;5;3;29;"Weiblich";"Master - Abschluss";"2000€ bis unter 3000€";5;"Deutsch ist meine Muttersprache.";"7"
"766";766;2;"Eher gerecht";3;5;2;3;4;3;3;3;4;2;3;3;4;2;5;2;4;4;3;1;33;"Männlich";"Master - Abschluss";"Unter 1000€";3;"Ich spreche sehr gut deutsch.";"7"
"774";774;6;"Eher ungerecht";6;3;2;3;2;3;2;2;4;2;3;3;3;1;2;3;2;3;1;3;27;"Weiblich";"Allgemeine oder fachgebundene Hochschulreife / Abitur";"1000€ bis unter 2000€";5;"Ich spreche sehr gut deutsch.";"4"
"781";781;8;"Weder noch";3;6;4;5;4;1;3;3;4;2;4;2;4;1;2;3;1;2;2;2;24;"Männlich";"Bachelor - Abschluss";"2000€ bis unter 3000€";6;"Deutsch ist meine Muttersprache.";"6"
"783";783;9;"Ungerecht";2;1;2;2;4;2;4;3;3;4;4;4;2;2;2;3;2;3;2;4;28;"Weiblich";"Bachelor - Abschluss";"1000€ bis unter 2000€";3;"Deutsch ist meine Muttersprache.";"8"
"784";784;10;"Ungerecht";2;2;2;1;2;3;2;1;3;1;1;1;3;1;1;1;1;1;1;2;25;"Weiblich";"Bachelor - Abschluss";"1000€ bis unter 2000€";4;"Deutsch ist meine Muttersprache.";"6"
"789";789;6;"Weder noch";6;5;5;5;4;1;4;4;4;3;3;4;4;1;1;3;1;2;1;1;26;"Männlich";"Master - Abschluss";"1000€ bis unter 2000€";6;"Deutsch ist meine Muttersprache.";"6"
"792";792;9;"Ungerecht";3;3;2;3;4;4;2;2;4;1;1;1;5;5;2;2;2;2;1;3;34;"Männlich";"Master - Abschluss";"3000€ bis unter 4000€";8;"Deutsch ist meine Muttersprache.";"7"
"793";793;5;"Eher ungerecht";2;2;2;2;3;4;3;3;3;3;3;3;3;3;5;3;3;5;5;4;29;"Männlich";"Bachelor - Abschluss";"3000€ bis unter 4000€";6;"Deutsch ist meine Muttersprache.";"7"
"804";804;8;"Eher gerecht";5;5;4;4;3;4;2;3;4;3;4;4;3;4;5;4;3;3;4;1;22;"Weiblich";"Allgemeine oder fachgebundene Hochschulreife / Abitur";"Unter 1000€";4;"Deutsch ist meine Muttersprache.";"6"
"810";810;8;"Eher ungerecht";3;4;3;3;5;2;5;4;4;3;4;4;3;3;3;3;3;3;4;2;44;"Weiblich";"Doktor - Grad";"[NA] Keine Angabe gewünscht.";4;"Deutsch ist meine Muttersprache.";"7"
"813";813;10;"Sehr ungerecht";1;1;1;1;3;3;3;2;4;2;2;2;1;1;1;1;1;2;2;4;26;"Weiblich";"Bachelor - Abschluss";"1000€ bis unter 2000€";2;"Deutsch ist meine Muttersprache.";"6"
"816";816;8;"Eher ungerecht";5;4;4;4;4;3;4;2;5;3;3;3;3;2;3;2;5;3;3;3;24;"Weiblich";"Fachhochschulabschluss";"1000€ bis unter 2000€";4;"Deutsch ist meine Muttersprache.";"6"
"817";817;1;"Ungerecht";2;2;2;2;4;2;3;2;2;1;1;1;1;2;1;1;4;3;5;2;25;"Weiblich";"Bachelor - Abschluss";"Kein Einkommen";6;"Deutsch ist meine Muttersprache.";"1"
"821";821;10;"Sehr ungerecht";1;2;1;1;4;2;4;2;4;3;2;3;4;1;1;1;1;3;2;1;31;"Weiblich";"Master - Abschluss";"2000€ bis unter 3000€";1;"Deutsch ist meine Muttersprache.";"8"
"828";828;10;"Sehr ungerecht";1;1;1;1;2;4;2;4;1;1;1;1;1;1;1;1;1;2;1;2;25;"Weiblich";"Bachelor - Abschluss";"Unter 1000€";1;"Deutsch ist meine Muttersprache.";"2"
"834";834;9;"Sehr ungerecht";2;3;2;2;4;2;4;3;4;3;4;4;4;4;4;2;2;5;4;1;25;"Weiblich";"Bachelor - Abschluss";"Unter 1000€";3;"Deutsch ist meine Muttersprache.";"8"
"835";835;9;"Eher ungerecht";4;3;3;3;3;2;4;4;5;4;5;4;4;1;1;4;5;4;4;3;24;"Weiblich";"Allgemeine oder fachgebundene Hochschulreife / Abitur";"Unter 1000€";3;"Ich spreche sehr gut deutsch.";"6"
"837";837;8;"Ungerecht";2;2;1;3;4;2;4;3;4;4;4;4;3;1;3;2;3;5;3;4;25;"Weiblich";"Bachelor - Abschluss";"Unter 1000€";2;"Deutsch ist meine Muttersprache.";"7"
"839";839;10;"Sehr gerecht";7;7;7;7;5;5;5;5;5;5;5;5;5;6;6;6;6;6;6;4;22;"Weiblich";"kein Schulabschluss";"[NA] Keine Angabe gewünscht.";1;"Deutsch ist meine Muttersprache.";"3"
"841";841;8;"Eher ungerecht";3;3;3;4;3;3;4;2;4;3;3;3;4;2;3;3;2;2;2;4;22;"Weiblich";"Bachelor - Abschluss";"Kein Einkommen";6;"Deutsch ist meine Muttersprache.";"5"
"842";842;4;"Ungerecht";5;5;5;5;3;3;3;2;4;3;3;3;4;3;3;2;2;3;2;4;26;"Männlich";"Allgemeine oder fachgebundene Hochschulreife / Abitur";"[NA] Keine Angabe gewünscht.";5;"Deutsch ist meine Muttersprache.";"5"
"850";850;8;"Ungerecht";2;3;2;3;3;4;2;1;3;2;2;2;1;1;1;1;1;2;1;3;25;"Weiblich";"Bachelor - Abschluss";"Unter 1000€";3;"Deutsch ist meine Muttersprache.";"5"
"851";851;10;"Ungerecht";1;1;1;1;3;2;4;1;1;1;1;1;2;1;1;1;1;1;1;1;55;"Divers";"Hauptschulabschluss";"[NA] Keine Angabe gewünscht.";1;"Deutsch ist meine Muttersprache.";"3"
"852";852;10;"Sehr ungerecht";1;1;1;1;3;4;2;4;4;3;2;2;3;1;2;2;1;1;2;3;22;"Weiblich";"Bachelor - Abschluss";"1000€ bis unter 2000€";2;"Deutsch ist meine Muttersprache.";"3"
"854";854;9;"Eher ungerecht";3;3;3;4;3;3;4;3;4;3;3;3;3;2;3;4;2;3;4;2;21;"Weiblich";"Allgemeine oder fachgebundene Hochschulreife / Abitur";"1000€ bis unter 2000€";5;"Deutsch ist meine Muttersprache.";"7"
"862";862;10;"Sehr ungerecht";1;1;1;1;4;4;2;1;3;1;1;1;4;1;1;1;1;1;1;4;22;"Weiblich";"Bachelor - Abschluss";"[NA] Keine Angabe gewünscht.";3;"Deutsch ist meine Muttersprache.";"7"
"864";864;9;"Ungerecht";1;1;1;1;4;4;2;1;4;1;1;1;5;2;1;1;1;4;1;1;22;"Weiblich";"Bachelor - Abschluss";"[NA] Keine Angabe gewünscht.";3;"Deutsch ist meine Muttersprache.";"8"
"868";868;6;"Eher ungerecht";3;3;3;3;4;2;4;2;4;1;2;2;4;3;2;2;3;2;3;4;24;"Weiblich";"Allgemeine oder fachgebundene Hochschulreife / Abitur";"1000€ bis unter 2000€";4;"Deutsch ist meine Muttersprache.";"6"
"870";870;7;"Eher ungerecht";2;2;1;2;2;5;2;3;1;2;3;3;4;1;2;1;5;1;2;2;30;"Weiblich";"Bachelor - Abschluss";"Unter 1000€";6;"Deutsch ist meine Muttersprache.";"3"
"875";875;9;"Ungerecht";1;1;1;2;2;4;1;3;2;1;1;2;2;1;1;1;1;2;3;3;35;"Weiblich";"Realschulabschluss (Mittlere Reife)";"Unter 1000€";2;"Deutsch ist meine Muttersprache.";"3"
"880";880;7;"Eher ungerecht";2;2;2;3;2;4;2;2;1;1;4;4;4;2;1;2;2;3;2;1;26;"Weiblich";"Bachelor - Abschluss";"2000€ bis unter 3000€";3;"Deutsch ist meine Muttersprache.";"8"
"882";882;7;"Eher ungerecht";3;3;3;3;3;3;3;4;4;3;3;3;1;2;2;1;1;2;2;4;32;"Weiblich";"Allgemeine oder fachgebundene Hochschulreife / Abitur";"Kein Einkommen";3;"Deutsch ist meine Muttersprache.";"2"
"883";883;3;"Weder noch";4;3;2;2;2;2;3;2;3;1;1;1;1;3;1;3;1;2;3;2;29;"Weiblich";"Master - Abschluss";"1000€ bis unter 2000€";3;"Ich spreche sehr gut deutsch.";"5"
"884";884;10;"Sehr ungerecht";1;1;1;1;3;4;2;4;3;2;1;1;1;1;1;1;1;1;1;3;33;"Weiblich";"Master - Abschluss";"Unter 1000€";1;"Deutsch ist meine Muttersprache.";"5"
"895";895;10;"Sehr ungerecht";1;1;1;1;4;3;3;1;4;2;1;1;4;2;3;3;1;3;1;1;23;"Weiblich";"Bachelor - Abschluss";"Kein Einkommen";5;"Deutsch ist meine Muttersprache.";"6"
"907";907;7;"Eher ungerecht";1;2;1;2;4;1;4;2;4;4;4;3;3;3;2;2;2;2;3;2;28;"Weiblich";"Allgemeine oder fachgebundene Hochschulreife / Abitur";"1000€ bis unter 2000€";4;"Deutsch ist meine Muttersprache.";"5"
"909";909;8;"Eher ungerecht";2;2;1;1;4;2;3;2;4;3;2;2;3;2;1;2;2;3;2;4;25;"Weiblich";"Bachelor - Abschluss";"Unter 1000€";3;"Deutsch ist meine Muttersprache.";"6"
"914";914;7;"Gerecht";5;5;5;5;4;4;4;4;5;3;4;5;5;4;4;4;5;5;5;3;28;"Weiblich";"Bachelor - Abschluss";"1000€ bis unter 2000€";8;"Ich spreche sehr gut deutsch.";"2"
"924";924;9;"Eher gerecht";4;3;5;4;4;3;3;3;4;2;4;3;4;2;2;4;5;4;2;1;23;"Weiblich";"Bachelor - Abschluss";"Unter 1000€";3;"Deutsch ist meine Muttersprache.";"5"
"933";933;4;"Gerecht";3;4;4;4;3;3;4;4;4;3;3;4;4;5;5;3;6;5;4;4;77;"Männlich";"Allgemeine oder fachgebundene Hochschulreife / Abitur";"2000€ bis unter 3000€";8;"Ich spreche gut deutsch.";"7"
"940";940;7;"Weder noch";5;5;5;5;3;3;3;3;3;3;4;4;5;4;4;3;6;3;4;2;29;"Weiblich";"Master - Abschluss";"5000€ bis unter 6000€";8;"Deutsch ist meine Muttersprache.";"8"
"958";958;7;"Eher ungerecht";4;3;2;4;3;4;3;2;3;1;2;2;2;6;4;5;4;5;4;1;24;"Weiblich";"Allgemeine oder fachgebundene Hochschulreife / Abitur";"Unter 1000€";2;"Deutsch ist meine Muttersprache.";"4"
"967";967;8;"Ungerecht";3;2;4;4;4;4;3;2;3;2;2;2;2;5;4;2;3;3;4;3;29;"Männlich";"Bachelor - Abschluss";"1000€ bis unter 2000€";5;"Ich spreche sehr gut deutsch.";"6"
"970";970;8;"Eher ungerecht";2;2;2;4;4;2;4;5;3;4;4;4;4;2;1;1;3;2;3;1;24;"Weiblich";"Bachelor - Abschluss";"1000€ bis unter 2000€";3;"Deutsch ist meine Muttersprache.";"7"
"988";988;7;"Eher ungerecht";4;3;3;3;3;3;3;2;3;2;3;3;2;2;3;3;4;3;2;2;23;"Weiblich";"Allgemeine oder fachgebundene Hochschulreife / Abitur";"1000€ bis unter 2000€";5;"Deutsch ist meine Muttersprache.";"5"
"993";993;10;"Eher ungerecht";5;6;5;4;5;3;4;1;1;3;5;4;3;2;2;3;3;2;2;4;20;"Weiblich";"Allgemeine oder fachgebundene Hochschulreife / Abitur";"Unter 1000€";6;"Deutsch ist meine Muttersprache.";"6"
"994";994;8;"Weder noch";6;6;6;4;5;2;3;4;4;4;4;4;4;4;4;3;4;5;6;4;20;"Weiblich";"Allgemeine oder fachgebundene Hochschulreife / Abitur";"2000€ bis unter 3000€";6;"Deutsch ist meine Muttersprache.";"6"
"997";997;7;"Ungerecht";3;2;2;2;4;2;4;4;5;3;3;3;4;2;2;2;3;4;4;4;22;"Weiblich";"Allgemeine oder fachgebundene Hochschulreife / Abitur";"Kein Einkommen";4;"Deutsch ist meine Muttersprache.";"5"
"1015";1015;9;"Ungerecht";1;1;1;2;3;2;4;4;3;1;3;3;3;3;1;1;2;3;3;2;27;"Männlich";"Bachelor - Abschluss";"Kein Einkommen";4;"Deutsch ist meine Muttersprache.";"5"
"1027";1027;9;"Ungerecht";2;1;1;2;3;3;2;4;5;2;3;4;3;2;1;1;2;2;1;2;23;"Weiblich";"Bachelor - Abschluss";"Kein Einkommen";5;"Deutsch ist meine Muttersprache.";"5"
"1034";1034;9;"Ungerecht";1;1;1;1;3;4;3;3;3;1;1;1;3;1;1;1;1;2;1;4;35;"Weiblich";"Realschulabschluss (Mittlere Reife)";"Unter 1000€";3;"Deutsch ist meine Muttersprache.";"3"
"1055";1055;10;"Sehr ungerecht";2;2;2;1;4;3;4;2;3;1;3;3;3;1;1;1;1;1;1;3;58;"Weiblich";"Master - Abschluss";"2000€ bis unter 3000€";3;"Ich spreche sehr gut deutsch.";"3"
